order_id,customer_id,order_date,total_amount,discount_amount,num_items,order_status
1,2,2025-05-27,60.48,0.0,2,Completed
2,3,2025-08-07,23.89,0.0,1,Completed
3,3,2025-07-13,367.71,0.0,3,Completed
4,3,2025-07-18,71.2,0.0,1,Completed
5,3,2025-07-02,120.1,20.79,2,Completed
6,3,2025-07-20,167.72,0.0,1,Completed
7,5,2025-05-30,89.93,0.0,1,Completed
8,5,2025-07-11,84.99,10.46,1,Completed
9,5,2025-07-05,119.73,0.0,2,Completed
10,5,2025-08-06,45.96,0.0,1,Completed
11,6,2025-06-14,47.12,0.0,1,Completed
12,6,2025-03-09,124.01,0.0,2,Completed
13,6,2025-04-03,58.62,0.0,1,Completed
14,6,2025-03-01,61.94,0.0,2,Completed
15,6,2025-03-27,25.61,0.0,2,Completed
16,6,2025-05-13,78.78,0.0,1,Completed
17,6,2025-03-09,39.47,8.45,2,Completed
18,6,2025-02-21,61.58,0.0,1,Completed
19,9,2025-07-22,86.15,20.67,3,Completed
20,9,2025-07-23,200.23,0.0,2,Completed
21,10,2024-11-28,133.58,0.0,3,Completed
22,11,2025-07-06,61.58,0.0,1,Completed
23,12,2025-07-13,164.01,0.0,3,Completed
24,12,2025-06-19,87.16,0.0,3,Completed
25,12,2025-07-09,78.78,0.0,1,Completed
26,13,2025-06-12,105.29,0.0,2,Completed
27,14,2024-11-15,62.36,0.0,2,Completed
28,15,2025-03-10,60.47,0.0,2,Completed
29,15,2025-05-02,117.22,0.0,2,Completed
30,15,2025-03-30,14.51,2.6,1,Completed
31,15,2025-03-11,93.14,20.26,2,Completed
32,16,2024-12-03,96.24,0.0,1,Completed
33,17,2025-03-19,98.36,0.0,1,Completed
34,17,2025-05-06,58.62,0.0,1,Completed
35,17,2025-02-13,194.06,0.0,2,Completed
36,17,2025-02-25,167.72,0.0,1,Completed
37,17,2025-03-08,26.46,7.65,1,Completed
38,19,2025-05-02,26.52,0.0,1,Completed
39,19,2025-05-10,88.74,0.0,1,Completed
40,19,2025-04-10,54.63,6.95,1,Completed
41,20,2025-07-22,61.58,0.0,1,Completed
42,21,2025-07-13,58.62,0.0,1,Completed
43,22,2024-04-07,47.12,0.0,1,Completed
44,23,2024-12-27,166.49,0.0,3,Completed
45,24,2025-07-31,14.12,0.0,1,Completed
46,24,2025-07-19,120.99,0.0,2,Completed
47,28,2025-07-03,214.31,0.0,2,Completed
48,30,2025-03-21,111.53,0.0,1,Completed
49,31,2025-02-03,96.24,0.0,1,Completed
50,31,2025-02-08,144.32,0.0,2,Completed
51,31,2025-02-23,115.5,35.89,2,Completed
52,31,2025-05-06,19.28,4.61,1,Completed
53,31,2025-03-27,158.76,0.0,2,Completed
54,32,2024-12-20,81.46,0.0,1,Completed
55,32,2024-12-23,115.47,0.0,2,Completed
56,32,2024-11-15,34.11,0.0,1,Completed
57,33,2024-10-02,181.9,0.0,2,Completed
58,33,2024-12-08,157.58,0.0,3,Completed
59,33,2024-11-23,64.84,0.0,1,Completed
60,33,2024-11-19,161.78,0.0,2,Completed
61,34,2025-07-11,88.72,0.0,1,Completed
62,34,2025-05-30,17.11,0.0,1,Completed
63,34,2025-06-05,50.51,0.0,1,Completed
64,34,2025-07-08,142.64,0.0,2,Completed
65,34,2025-06-21,199.51,0.0,1,Completed
66,34,2025-06-23,234.85,0.0,1,Completed
67,34,2025-06-15,170.18,0.0,2,Completed
68,35,2025-07-18,18.21,0.0,1,Completed
69,35,2025-07-26,24.03,0.0,1,Completed
70,35,2025-08-04,167.72,0.0,1,Completed
71,36,2025-02-21,111.53,0.0,1,Completed
72,36,2025-01-30,34.7,0.0,2,Completed
73,36,2025-03-20,98.36,0.0,1,Completed
74,36,2025-01-26,16.49,0.0,1,Completed
75,37,2025-04-17,78.15,9.7,1,Completed
76,37,2025-05-07,5.0,0.0,1,Completed
77,37,2025-03-16,40.61,0.0,2,Completed
78,37,2025-03-28,61.92,0.0,1,Completed
79,37,2025-06-10,132.09,0.0,3,Completed
80,38,2024-03-02,28.55,5.56,1,Completed
81,38,2024-01-02,18.21,0.0,1,Completed
82,38,2024-01-13,167.72,0.0,1,Completed
83,38,2024-04-17,80.65,14.8,1,Completed
84,39,2024-11-02,102.78,0.0,1,Completed
85,39,2024-10-08,82.53,0.0,1,Completed
86,39,2025-05-23,46.54,7.5,2,Completed
87,39,2025-01-20,131.22,0.0,2,Completed
88,39,2024-09-15,111.5,27.91,3,Completed
89,41,2023-12-01,348.18,0.0,3,Completed
90,41,2023-11-12,63.98,0.0,2,Completed
91,41,2023-12-11,36.6,11.96,1,Completed
92,41,2023-12-17,147.14,0.0,2,Completed
93,41,2023-12-18,134.97,0.0,2,Completed
94,42,2025-07-08,33.53,9.84,1,Completed
95,42,2025-07-10,18.21,0.0,1,Completed
96,42,2025-06-04,16.49,0.0,1,Completed
97,42,2025-05-08,14.12,0.0,1,Completed
98,42,2025-06-08,25.79,0.0,1,Completed
99,42,2025-06-27,82.53,0.0,1,Completed
100,42,2025-06-06,61.92,0.0,1,Completed
101,43,2025-03-12,101.87,0.0,1,Completed
102,44,2025-06-04,24.03,0.0,1,Completed
103,44,2025-04-24,107.25,0.0,2,Completed
104,46,2025-06-15,88.72,0.0,1,Completed
105,47,2025-08-03,106.72,0.0,2,Completed
106,47,2025-08-07,45.96,0.0,1,Completed
107,48,2025-05-15,87.85,0.0,1,Completed
108,50,2024-09-23,124.88,0.0,2,Completed
109,51,2025-07-27,14.12,0.0,1,Completed
110,51,2025-04-10,92.87,0.0,2,Completed
111,51,2025-03-10,14.09,0.0,1,Completed
112,51,2025-03-28,20.61,0.0,1,Completed
113,51,2025-03-24,49.04,0.0,1,Completed
114,51,2025-04-30,5.69,0.0,1,Completed
115,51,2025-04-08,52.81,0.0,1,Completed
116,51,2025-05-09,16.49,0.0,1,Completed
117,52,2025-08-04,81.46,0.0,1,Completed
118,52,2025-07-26,168.04,0.0,3,Completed
119,53,2025-07-14,116.85,0.0,2,Completed
120,54,2024-08-04,13.8,0.0,1,Completed
121,55,2025-05-21,167.72,0.0,1,Completed
122,55,2025-05-27,234.85,0.0,1,Completed
123,55,2025-07-06,367.23,0.0,2,Completed
124,55,2025-06-09,49.04,0.0,1,Completed
125,57,2025-03-18,50.51,0.0,1,Completed
126,59,2025-02-18,68.6,0.0,3,Completed
127,59,2025-03-17,71.2,0.0,1,Completed
128,59,2025-04-05,129.65,0.0,2,Completed
129,59,2025-02-21,225.68,0.0,3,Completed
130,59,2025-03-05,21.8,4.72,1,Completed
131,61,2025-07-24,187.01,0.0,3,Completed
132,61,2025-07-02,177.45,0.0,3,Completed
133,61,2025-07-29,72.61,0.0,1,Completed
134,63,2024-06-26,88.74,0.0,1,Completed
135,64,2025-04-10,89.93,0.0,1,Completed
136,64,2025-03-31,47.91,0.0,2,Completed
137,64,2025-04-02,126.76,0.0,2,Completed
138,64,2025-04-01,50.51,0.0,1,Completed
139,64,2025-04-28,113.75,0.0,3,Completed
140,67,2025-05-25,96.24,0.0,1,Completed
141,67,2025-06-08,17.06,3.55,1,Completed
142,67,2025-05-16,199.51,0.0,1,Completed
143,67,2025-06-17,43.37,0.0,1,Completed
144,67,2025-05-26,50.51,0.0,1,Completed
145,67,2025-06-24,195.67,0.0,3,Completed
146,68,2025-03-30,18.21,0.0,1,Completed
147,68,2025-02-23,252.45,0.0,3,Completed
148,69,2025-02-26,71.2,0.0,1,Completed
149,69,2025-01-12,88.74,0.0,1,Completed
150,69,2025-04-11,125.53,0.0,1,Completed
151,70,2025-03-27,5.0,0.0,1,Completed
152,70,2025-03-03,81.95,0.0,2,Completed
153,71,2025-03-31,102.45,20.67,2,Completed
154,71,2025-07-24,50.51,0.0,1,Completed
155,72,2025-07-08,115.57,0.0,2,Completed
156,74,2025-07-20,279.25,0.0,2,Completed
157,75,2024-11-18,153.58,0.0,2,Completed
158,76,2025-03-16,16.49,0.0,1,Completed
159,76,2025-03-12,135.98,0.0,2,Completed
160,77,2025-06-27,112.2,0.0,2,Completed
161,78,2025-04-08,111.53,0.0,1,Completed
162,78,2025-01-21,75.11,0.0,2,Completed
163,78,2025-06-07,49.04,0.0,1,Completed
164,78,2025-04-03,17.11,0.0,1,Completed
165,78,2025-01-30,110.33,0.0,2,Completed
166,78,2025-03-07,91.5,0.0,3,Completed
167,79,2024-09-05,187.45,0.0,2,Completed
168,80,2024-09-26,88.72,0.0,1,Completed
169,80,2024-09-12,102.78,0.0,1,Completed
170,80,2024-09-07,150.69,0.0,2,Completed
171,80,2024-11-25,89.93,0.0,1,Completed
172,80,2024-10-23,128.57,0.0,2,Completed
173,81,2025-07-13,111.43,0.0,2,Completed
174,81,2025-08-01,78.78,0.0,1,Completed
175,82,2024-05-27,38.44,10.62,2,Completed
176,83,2024-02-01,95.45,0.0,1,Completed
177,83,2024-08-16,20.61,0.0,1,Completed
178,84,2025-07-30,76.2,0.0,2,Completed
179,86,2024-10-24,93.08,0.0,2,Completed
180,87,2025-03-05,215.87,0.0,2,Completed
181,88,2025-06-29,45.96,0.0,1,Completed
182,88,2025-06-09,61.92,0.0,1,Completed
183,88,2025-06-08,61.49,19.97,1,Completed
184,88,2025-06-02,126.8,0.0,1,Completed
185,89,2025-07-21,82.53,0.0,1,Completed
186,90,2025-02-25,202.54,32.31,1,Completed
187,91,2025-06-25,91.23,10.64,1,Completed
188,91,2025-07-20,13.8,0.0,1,Completed
189,92,2025-03-15,71.38,16.93,1,Completed
190,92,2025-03-27,107.25,0.0,2,Completed
191,92,2025-03-23,137.32,0.0,2,Completed
192,94,2025-06-22,90.49,0.0,2,Completed
193,95,2025-07-10,126.8,0.0,1,Completed
194,95,2025-05-26,14.12,0.0,1,Completed
195,96,2025-06-23,58.62,0.0,1,Completed
196,98,2025-01-24,136.89,0.0,2,Completed
197,98,2025-03-22,236.14,0.0,3,Completed
198,98,2025-01-28,234.85,0.0,1,Completed
199,98,2025-08-03,40.55,8.01,1,Completed
200,98,2025-04-27,20.61,0.0,1,Completed
201,98,2025-03-14,250.17,0.0,3,Completed
202,99,2024-05-22,88.72,0.0,1,Completed
203,100,2025-05-12,90.96,0.0,2,Completed
204,100,2025-06-20,88.31,0.0,1,Completed
205,100,2025-05-24,82.53,0.0,1,Completed
206,101,2024-10-17,102.78,0.0,1,Completed
207,101,2024-11-01,25.79,0.0,1,Completed
208,101,2024-09-12,115.26,0.0,2,Completed
209,101,2025-04-04,76.04,0.0,2,Completed
210,101,2024-09-17,52.81,0.0,1,Completed
211,103,2024-03-04,66.95,21.36,1,Completed
212,103,2024-05-17,225.06,55.75,2,Completed
213,103,2024-05-06,102.78,0.0,1,Completed
214,104,2025-07-02,214.84,0.0,2,Completed
215,104,2025-07-13,88.74,0.0,1,Completed
216,105,2025-03-09,107.25,0.0,2,Completed
217,105,2025-04-08,71.2,0.0,1,Completed
218,105,2025-03-12,95.45,0.0,1,Completed
219,105,2025-02-22,43.37,0.0,1,Completed
220,105,2025-03-27,43.37,0.0,1,Completed
221,105,2025-03-30,199.51,0.0,1,Completed
222,105,2025-05-31,86.8,15.98,1,Completed
223,105,2025-02-24,23.89,0.0,1,Completed
224,106,2025-06-07,260.95,0.0,3,Completed
225,106,2025-04-30,19.76,0.0,1,Completed
226,106,2025-05-04,43.37,0.0,1,Completed
227,107,2024-09-27,17.11,0.0,1,Completed
228,107,2024-09-01,64.84,0.0,1,Completed
229,107,2024-08-20,25.79,0.0,1,Completed
230,108,2025-04-15,50.97,13.63,2,Completed
231,108,2025-03-29,237.98,0.0,3,Completed
232,108,2025-03-08,98.38,0.0,3,Completed
233,108,2025-03-13,157.47,51.86,2,Completed
234,108,2025-05-12,287.82,0.0,2,Completed
235,109,2025-06-10,323.59,0.0,2,Completed
236,109,2025-05-29,125.53,0.0,1,Completed
237,109,2025-03-22,96.47,0.0,2,Completed
238,110,2025-04-27,116.58,0.0,2,Completed
239,111,2024-10-26,13.8,0.0,1,Completed
240,112,2025-06-19,17.11,0.0,1,Completed
241,112,2025-07-07,87.85,0.0,1,Completed
242,112,2025-07-04,17.11,0.0,1,Completed
243,112,2025-07-30,19.76,0.0,1,Completed
244,113,2025-07-08,88.72,0.0,1,Completed
245,114,2025-05-09,25.79,0.0,1,Completed
246,115,2025-06-21,108.7,0.0,3,Completed
247,116,2025-08-06,125.53,0.0,1,Completed
248,116,2025-07-30,87.85,0.0,1,Completed
249,116,2025-07-07,4.95,0.74,1,Completed
250,118,2025-07-14,167.72,0.0,1,Completed
251,119,2024-07-21,144.67,0.0,1,Completed
252,121,2025-04-26,24.03,0.0,1,Completed
253,121,2025-02-26,261.89,0.0,3,Completed
254,121,2025-04-23,96.24,0.0,1,Completed
255,121,2025-05-18,98.36,0.0,1,Completed
256,121,2025-05-03,64.67,17.86,1,Completed
257,124,2025-07-23,20.13,5.66,1,Completed
258,125,2024-07-10,132.78,0.0,2,Completed
259,127,2025-06-06,26.52,0.0,1,Completed
260,127,2025-07-16,167.72,0.0,1,Completed
261,127,2025-06-28,48.67,13.25,1,Completed
262,127,2025-07-22,109.57,0.0,2,Completed
263,127,2025-07-10,49.04,0.0,1,Completed
264,127,2025-07-08,18.21,0.0,1,Completed
265,127,2025-05-12,80.85,21.44,2,Completed
266,127,2025-05-19,43.37,0.0,1,Completed
267,127,2025-04-30,238.92,0.0,2,Completed
268,128,2024-08-10,105.83,0.0,2,Completed
269,128,2024-06-27,25.79,0.0,1,Completed
270,128,2024-07-11,52.81,0.0,1,Completed
271,128,2024-09-10,98.36,0.0,1,Completed
272,128,2024-06-23,191.96,0.0,2,Completed
273,128,2024-09-18,270.5,0.0,2,Completed
274,128,2024-11-23,61.94,0.0,2,Completed
275,129,2025-07-11,281.97,0.0,3,Completed
276,130,2025-08-02,95.89,0.0,2,Completed
277,131,2023-09-04,17.11,0.0,1,Completed
278,132,2024-06-12,19.76,0.0,1,Completed
279,132,2024-05-29,11.43,0.0,1,Completed
280,132,2024-06-27,106.56,0.0,2,Completed
281,132,2024-07-31,14.43,2.06,1,Completed
282,133,2025-01-25,12.43,4.06,1,Completed
283,134,2024-12-09,191.92,0.0,3,Completed
284,134,2024-12-04,176.37,0.0,2,Completed
285,134,2024-11-30,87.85,0.0,1,Completed
286,135,2025-07-28,107.56,0.0,2,Completed
287,135,2025-08-07,144.67,0.0,1,Completed
288,136,2024-05-23,98.36,0.0,1,Completed
289,138,2025-07-28,205.58,0.0,2,Completed
290,138,2025-07-29,197.48,0.0,2,Completed
291,138,2025-07-26,72.61,0.0,1,Completed
292,138,2025-07-24,78.78,0.0,1,Completed
293,138,2025-08-07,70.06,8.24,2,Completed
294,139,2025-05-25,188.72,0.0,2,Completed
295,140,2024-12-09,72.61,0.0,1,Completed
296,140,2025-01-18,204.65,0.0,2,Completed
297,143,2025-02-08,16.49,0.0,1,Completed
298,144,2025-04-07,26.52,0.0,1,Completed
299,145,2025-04-26,178.34,0.0,2,Completed
300,145,2025-03-09,23.51,3.01,1,Completed
301,145,2025-06-19,13.06,3.43,1,Completed
302,145,2025-05-01,129.65,0.0,2,Completed
303,145,2025-03-21,69.48,13.05,2,Completed
304,145,2025-04-09,201.73,0.0,3,Completed
305,145,2025-04-20,242.33,39.4,3,Completed
306,145,2025-04-17,88.74,0.0,1,Completed
307,146,2024-09-28,218.45,0.0,3,Completed
308,146,2024-07-29,50.51,0.0,1,Completed
309,146,2024-06-16,71.12,0.0,2,Completed
310,146,2024-09-18,50.15,11.43,1,Completed
311,148,2025-01-29,262.42,0.0,3,Completed
312,148,2025-03-26,178.67,0.0,2,Completed
313,148,2025-01-01,64.84,0.0,1,Completed
314,148,2024-12-24,96.24,0.0,1,Completed
315,149,2024-12-18,64.75,7.86,1,Completed
316,149,2024-12-17,89.93,0.0,1,Completed
317,150,2024-10-05,16.49,0.0,1,Completed
318,150,2024-11-04,101.94,0.0,2,Completed
319,150,2024-09-01,176.16,0.0,2,Completed
320,151,2025-07-27,14.12,0.0,1,Completed
321,151,2025-07-17,4.36,1.33,1,Completed
322,151,2025-08-05,29.64,0.0,2,Completed
323,151,2025-08-01,67.0,0.0,2,Completed
324,151,2025-07-12,125.53,0.0,1,Completed
325,151,2025-07-12,206.27,28.58,1,Completed
326,151,2025-07-30,177.14,0.0,2,Completed
327,153,2025-07-22,95.45,0.0,1,Completed
328,153,2025-08-05,4.35,0.65,1,Completed
329,154,2025-07-14,26.78,7.33,1,Completed
330,154,2025-07-09,45.96,0.0,1,Completed
331,155,2024-04-28,152.59,0.0,2,Completed
332,155,2024-08-26,162.59,22.25,3,Completed
333,155,2024-04-22,25.79,0.0,1,Completed
334,155,2024-06-25,251.34,0.0,2,Completed
335,157,2025-03-25,131.8,0.0,2,Completed
336,157,2025-04-03,43.37,0.0,1,Completed
337,157,2024-12-23,61.58,0.0,1,Completed
338,157,2025-02-01,56.22,12.94,2,Completed
339,157,2025-02-18,99.28,0.0,2,Completed
340,157,2025-01-25,196.81,35.28,3,Completed
341,157,2025-02-20,96.24,0.0,1,Completed
342,157,2025-03-23,121.38,23.39,2,Completed
343,157,2025-05-29,78.78,0.0,1,Completed
344,157,2025-02-09,78.41,0.0,2,Completed
345,158,2025-07-27,93.08,0.0,2,Completed
346,158,2025-07-21,15.12,4.64,1,Completed
347,158,2025-07-30,102.78,0.0,1,Completed
348,159,2025-06-21,199.38,0.0,2,Completed
349,160,2025-01-10,16.4,4.21,1,Completed
350,161,2025-06-16,16.49,0.0,1,Completed
351,162,2025-03-10,26.52,0.0,1,Completed
352,163,2025-07-27,88.22,0.0,2,Completed
353,163,2025-05-10,87.85,0.0,1,Completed
354,163,2025-05-22,125.9,0.0,2,Completed
355,163,2025-06-16,45.96,0.0,1,Completed
356,163,2025-05-18,50.51,0.0,1,Completed
357,163,2025-05-24,113.38,13.42,1,Completed
358,163,2025-07-03,177.03,0.0,2,Completed
359,164,2025-06-16,25.79,0.0,1,Completed
360,164,2025-07-01,72.61,0.0,1,Completed
361,164,2025-06-26,26.52,0.0,1,Completed
362,164,2025-06-21,47.87,13.12,3,Completed
363,166,2025-08-03,25.79,0.0,1,Completed
364,167,2025-07-31,88.31,0.0,1,Completed
365,168,2025-06-18,441.44,0.0,3,Completed
366,169,2025-06-18,131.97,0.0,2,Completed
367,170,2025-07-07,45.96,0.0,1,Completed
368,170,2025-07-21,241.51,38.18,3,Completed
369,171,2025-08-06,111.53,0.0,1,Completed
370,171,2025-05-28,88.74,0.0,1,Completed
371,171,2025-07-08,93.31,0.0,2,Completed
372,171,2025-06-06,144.67,0.0,1,Completed
373,171,2025-05-27,58.62,0.0,1,Completed
374,171,2025-05-08,25.79,0.0,1,Completed
375,171,2025-05-17,15.71,4.9,1,Completed
376,172,2024-12-05,78.78,0.0,1,Completed
377,172,2024-12-02,19.76,0.0,1,Completed
378,172,2024-08-11,26.52,0.0,1,Completed
379,172,2024-09-14,82.53,0.0,1,Completed
380,174,2025-01-29,86.68,0.0,3,Completed
381,175,2024-03-12,13.8,0.0,1,Completed
382,175,2024-03-16,296.77,0.0,2,Completed
383,175,2024-08-02,72.61,0.0,1,Completed
384,175,2024-03-09,125.53,0.0,1,Completed
385,175,2024-03-10,50.51,0.0,1,Completed
386,176,2025-07-30,96.24,0.0,1,Completed
387,177,2025-05-17,95.45,0.0,1,Completed
388,177,2025-04-27,235.21,0.0,2,Completed
389,178,2025-08-04,85.32,0.0,2,Completed
390,179,2025-06-20,82.53,0.0,1,Completed
391,179,2025-06-06,82.53,0.0,1,Completed
392,179,2025-06-30,20.61,0.0,1,Completed
393,179,2025-07-16,205.95,0.0,2,Completed
394,179,2025-06-06,59.75,19.03,1,Completed
395,179,2025-07-01,109.54,0.0,2,Completed
396,179,2025-07-13,88.72,0.0,1,Completed
397,179,2025-07-27,81.35,17.01,1,Completed
398,180,2024-08-31,234.85,0.0,1,Completed
399,180,2024-09-28,38.87,9.69,1,Completed
400,180,2024-08-23,48.56,0.0,1,Completed
401,180,2024-08-07,20.61,0.0,1,Completed
402,180,2024-08-12,14.12,0.0,1,Completed
403,180,2024-10-30,71.2,0.0,1,Completed
404,182,2024-11-15,154.18,45.33,1,Completed
405,182,2024-12-03,125.53,0.0,1,Completed
406,182,2024-10-25,61.92,0.0,1,Completed
407,182,2024-10-04,90.6,12.18,1,Completed
408,183,2024-11-20,46.52,12.1,1,Completed
409,183,2024-10-14,72.61,0.0,1,Completed
410,183,2024-11-17,79.33,0.0,2,Completed
411,184,2025-08-02,153.73,0.0,2,Completed
412,184,2025-07-19,143.36,0.0,2,Completed
413,184,2025-07-08,152.08,30.3,2,Completed
414,186,2025-04-23,199.51,0.0,1,Completed
415,186,2025-05-07,78.78,0.0,1,Completed
416,186,2025-03-18,88.72,0.0,1,Completed
417,186,2025-03-03,209.84,26.76,3,Completed
418,187,2025-04-14,101.87,0.0,1,Completed
419,187,2025-06-25,61.58,0.0,1,Completed
420,187,2025-05-29,94.91,18.75,2,Completed
421,187,2025-05-31,86.46,0.0,2,Completed
422,188,2025-07-29,88.74,0.0,1,Completed
423,188,2025-07-18,66.96,21.35,1,Completed
424,188,2025-07-10,102.78,0.0,1,Completed
425,190,2025-06-03,157.03,0.0,2,Completed
426,190,2025-07-29,69.01,18.84,1,Completed
427,190,2025-07-01,11.43,0.0,1,Completed
428,190,2025-06-18,102.84,0.0,2,Completed
429,191,2025-07-16,95.45,0.0,1,Completed
430,192,2025-05-31,61.58,0.0,1,Completed
431,192,2025-04-27,4.4,0.6,1,Completed
432,192,2025-04-15,14.09,0.0,1,Completed
433,193,2025-06-02,199.51,0.0,1,Completed
434,193,2025-06-02,100.1,25.43,1,Completed
435,193,2025-08-02,101.87,0.0,1,Completed
436,193,2025-07-13,16.49,0.0,1,Completed
437,193,2025-05-04,102.4,0.0,2,Completed
438,193,2025-05-07,62.04,0.0,3,Completed
439,195,2025-05-19,19.76,0.0,1,Completed
440,195,2025-07-01,69.85,0.0,2,Completed
441,195,2025-06-04,14.09,0.0,1,Completed
442,195,2025-07-27,71.2,0.0,1,Completed
443,195,2025-07-24,322.47,0.0,3,Completed
444,195,2025-06-12,135.37,26.03,2,Completed
445,195,2025-07-20,5.69,0.0,1,Completed
446,195,2025-07-27,87.85,0.0,1,Completed
447,196,2025-01-16,167.72,0.0,1,Completed
448,196,2024-11-04,144.67,0.0,1,Completed
449,196,2024-12-15,88.72,0.0,1,Completed
450,196,2025-03-30,17.11,0.0,1,Completed
451,196,2024-12-31,5.69,0.0,1,Completed
452,196,2024-12-24,131.09,0.0,3,Completed
453,196,2024-12-06,96.62,0.0,2,Completed
454,197,2025-01-04,81.46,0.0,1,Completed
455,197,2024-12-17,14.12,0.0,1,Completed
456,197,2025-01-20,101.24,0.0,2,Completed
457,197,2025-02-14,53.2,9.93,2,Completed
458,197,2025-01-12,120.64,0.0,3,Completed
459,197,2024-12-28,104.91,0.0,3,Completed
460,198,2024-09-20,167.62,0.0,2,Completed
461,199,2025-03-08,88.31,0.0,1,Completed
462,199,2025-06-20,127.34,0.0,2,Completed
463,199,2025-04-01,64.84,0.0,1,Completed
464,199,2025-02-12,17.83,2.78,1,Completed
465,199,2025-02-04,95.89,0.0,2,Completed
466,200,2025-04-07,58.62,0.0,1,Completed
467,200,2025-05-01,43.37,0.0,1,Completed
468,201,2025-06-24,81.46,0.0,1,Completed
469,202,2025-06-01,81.89,20.65,2,Completed
470,202,2025-06-13,262.93,0.0,3,Completed
471,202,2025-06-02,154.59,32.29,3,Completed
472,203,2025-04-24,20.72,5.07,1,Completed
473,203,2025-06-03,125.9,0.0,2,Completed
474,204,2025-01-26,37.83,0.0,2,Completed
475,204,2024-12-23,49.18,16.15,2,Completed
476,204,2025-03-08,20.61,0.0,1,Completed
477,204,2025-03-03,88.72,0.0,1,Completed
478,204,2025-02-05,18.04,5.85,1,Completed
479,205,2025-04-16,223.97,0.0,3,Completed
480,205,2025-06-11,89.93,0.0,1,Completed
481,205,2025-07-04,15.16,3.05,1,Completed
482,205,2025-07-12,312.39,0.0,2,Completed
483,206,2025-08-05,45.96,0.0,1,Completed
484,207,2025-01-08,50.55,0.0,2,Completed
485,207,2025-04-29,14.12,0.0,1,Completed
486,207,2024-10-25,96.24,0.0,1,Completed
487,207,2024-11-05,121.63,0.0,2,Completed
488,207,2025-04-01,60.47,0.0,2,Completed
489,207,2025-01-11,199.51,0.0,1,Completed
490,207,2025-01-06,121.63,0.0,2,Completed
491,209,2024-11-19,27.92,0.0,2,Completed
492,209,2024-11-23,50.51,0.0,1,Completed
493,209,2025-01-28,159.92,0.0,2,Completed
494,209,2024-12-05,161.33,0.0,2,Completed
495,209,2025-01-05,23.89,0.0,1,Completed
496,209,2025-01-09,10.7,3.39,1,Completed
497,209,2024-12-09,102.78,0.0,1,Completed
498,210,2025-06-20,317.38,0.0,2,Completed
499,210,2025-06-30,88.72,0.0,1,Completed
500,210,2025-07-26,152.59,0.0,2,Completed
501,210,2025-07-11,57.39,0.0,2,Completed
502,210,2025-07-15,171.35,0.0,3,Completed
503,210,2025-06-19,236.12,0.0,3,Completed
504,211,2025-08-06,296.77,0.0,2,Completed
505,212,2025-05-11,129.74,0.0,2,Completed
506,212,2025-05-10,85.21,0.0,3,Completed
507,212,2025-06-11,43.37,0.0,1,Completed
508,213,2024-05-25,89.69,13.09,1,Completed
509,213,2024-04-11,144.67,0.0,1,Completed
510,213,2024-10-23,88.74,0.0,1,Completed
511,213,2024-03-17,117.21,29.93,2,Completed
512,214,2025-02-02,70.11,19.82,1,Completed
513,216,2025-08-02,199.51,0.0,1,Completed
514,216,2025-07-28,5.69,0.0,1,Completed
515,216,2025-07-26,57.17,0.0,2,Completed
516,216,2025-07-01,101.87,0.0,1,Completed
517,217,2025-08-02,234.85,0.0,1,Completed
518,218,2025-04-23,206.37,0.0,3,Completed
519,219,2024-02-19,14.12,0.0,1,Completed
520,220,2024-06-15,95.45,0.0,1,Completed
521,220,2024-08-07,41.17,4.79,1,Completed
522,220,2024-08-23,157.82,0.0,2,Completed
523,221,2024-12-23,61.93,20.6,1,Completed
524,221,2025-02-01,87.85,0.0,1,Completed
525,221,2025-02-13,165.31,0.0,3,Completed
526,221,2025-03-13,125.53,0.0,1,Completed
527,221,2024-12-23,14.69,2.42,1,Completed
528,222,2025-03-21,173.11,0.0,2,Completed
529,222,2025-03-02,161.29,0.0,3,Completed
530,222,2025-04-03,120.27,0.0,2,Completed
531,222,2025-01-20,24.03,0.0,1,Completed
532,222,2025-02-06,19.76,0.0,1,Completed
533,222,2025-02-06,67.27,0.0,2,Completed
534,222,2025-05-12,95.45,0.0,1,Completed
535,222,2025-04-03,11.23,2.89,1,Completed
536,222,2025-01-30,64.84,0.0,1,Completed
537,223,2025-01-24,88.74,0.0,1,Completed
538,223,2025-03-22,299.86,0.0,3,Completed
539,223,2025-02-16,44.73,0.0,2,Completed
540,223,2025-05-17,5.69,0.0,1,Completed
541,223,2025-02-25,199.51,0.0,1,Completed
542,223,2025-02-14,81.46,0.0,1,Completed
543,223,2025-02-14,279.64,0.0,3,Completed
544,223,2025-04-06,194.92,0.0,2,Completed
545,225,2025-02-09,145.29,0.0,2,Completed
546,225,2025-04-08,5.69,0.0,1,Completed
547,225,2025-04-19,49.64,7.82,2,Completed
548,225,2025-04-13,61.92,0.0,1,Completed
549,226,2024-12-24,79.23,0.0,2,Completed
550,226,2024-08-10,58.62,0.0,1,Completed
551,226,2024-09-02,200.61,0.0,3,Completed
552,226,2024-08-01,52.81,0.0,1,Completed
553,226,2024-08-09,149.42,0.0,2,Completed
554,226,2025-01-21,215.11,0.0,2,Completed
555,226,2024-09-04,116.44,0.0,3,Completed
556,226,2024-08-01,24.03,0.0,1,Completed
557,226,2024-09-21,78.94,17.22,2,Completed
558,226,2024-08-10,76.7,0.0,2,Completed
559,229,2025-07-23,144.67,0.0,1,Completed
560,229,2025-07-26,167.72,0.0,1,Completed
561,229,2025-02-14,228.21,0.0,3,Completed
562,229,2025-03-09,25.79,0.0,1,Completed
563,229,2025-07-15,102.78,0.0,1,Completed
564,230,2025-07-05,13.8,0.0,1,Completed
565,230,2025-07-20,176.91,0.0,2,Completed
566,231,2024-05-10,16.49,0.0,1,Completed
567,231,2024-05-25,19.94,3.95,1,Completed
568,232,2024-11-27,205.59,0.0,3,Completed
569,233,2025-07-29,79.32,10.61,1,Completed
570,234,2024-04-01,61.58,0.0,1,Completed
571,234,2023-12-17,143.29,0.0,2,Completed
572,234,2023-12-23,173.11,0.0,2,Completed
573,234,2024-01-02,114.83,0.0,2,Completed
574,235,2025-08-06,89.93,0.0,1,Completed
575,235,2025-08-06,79.62,22.25,1,Completed
576,237,2025-02-18,25.79,0.0,1,Completed
577,237,2025-01-17,59.28,11.92,1,Completed
578,237,2025-01-22,294.52,0.0,2,Completed
579,238,2025-07-19,49.04,0.0,1,Completed
580,238,2025-07-19,96.24,0.0,1,Completed
581,238,2025-07-24,61.92,0.0,1,Completed
582,238,2025-07-20,80.07,0.0,2,Completed
583,239,2025-02-24,129.44,0.0,3,Completed
584,239,2025-06-03,234.57,0.0,3,Completed
585,239,2025-03-04,124.34,16.02,2,Completed
586,240,2025-06-17,90.96,0.0,2,Completed
587,241,2025-06-12,88.74,0.0,1,Completed
588,241,2025-05-16,258.74,0.0,2,Completed
589,241,2025-04-16,20.38,3.65,1,Completed
590,242,2025-03-21,126.8,0.0,1,Completed
591,242,2024-11-25,234.85,0.0,1,Completed
592,242,2024-12-05,102.81,0.0,2,Completed
593,242,2024-12-23,124.01,0.0,2,Completed
594,242,2024-11-30,82.53,0.0,1,Completed
595,242,2025-02-13,24.03,0.0,1,Completed
596,242,2024-12-29,125.42,0.0,2,Completed
597,242,2025-01-03,78.0,0.0,3,Completed
598,243,2025-08-07,18.21,0.0,1,Completed
599,244,2025-05-28,125.53,0.0,1,Completed
600,244,2025-04-29,19.76,0.0,1,Completed
601,244,2025-05-02,14.68,2.43,1,Completed
602,244,2025-05-15,109.25,0.0,2,Completed
603,246,2024-12-17,49.47,6.04,2,Completed
604,246,2024-12-04,125.84,0.0,3,Completed
605,246,2024-12-29,82.53,0.0,1,Completed
606,247,2025-05-29,88.72,0.0,1,Completed
607,247,2025-06-16,21.93,4.59,1,Completed
608,247,2025-05-18,389.88,0.0,3,Completed
609,247,2025-05-23,144.67,0.0,1,Completed
610,248,2024-09-06,333.21,0.0,2,Completed
611,248,2024-08-22,34.7,0.0,2,Completed
612,248,2024-11-07,88.74,0.0,1,Completed
613,249,2023-09-06,19.08,4.81,1,Completed
614,249,2023-08-23,112.52,20.82,1,Completed
615,249,2023-08-02,107.61,0.0,2,Completed
616,249,2023-07-06,188.15,28.13,2,Completed
617,249,2023-11-08,234.85,0.0,1,Completed
618,249,2024-01-05,191.64,0.0,2,Completed
619,249,2023-08-01,47.12,0.0,1,Completed
620,250,2025-04-19,18.21,0.0,1,Completed
621,250,2025-03-23,111.53,0.0,1,Completed
622,250,2025-06-23,96.24,0.0,1,Completed
623,253,2025-07-21,254.61,0.0,2,Completed
624,254,2025-04-08,29.58,0.0,2,Completed
625,255,2025-02-11,137.19,30.53,1,Completed
626,255,2024-12-18,58.62,0.0,1,Completed
627,255,2024-11-22,96.64,0.0,2,Completed
628,256,2025-03-09,144.67,0.0,1,Completed
629,256,2025-03-10,14.12,0.0,1,Completed
630,259,2025-05-06,321.26,0.0,3,Completed
631,260,2025-04-25,145.48,0.0,2,Completed
632,260,2025-04-05,126.8,0.0,1,Completed
633,260,2025-04-14,5.0,0.0,1,Completed
634,260,2025-04-05,234.85,0.0,1,Completed
635,261,2025-05-17,18.21,0.0,1,Completed
636,263,2025-05-08,48.56,0.0,1,Completed
637,263,2025-05-04,125.65,0.0,2,Completed
638,263,2025-05-03,46.85,15.07,1,Completed
639,263,2025-05-03,159.94,0.0,2,Completed
640,264,2025-06-10,160.24,0.0,2,Completed
641,265,2024-12-18,50.6,0.0,2,Completed
642,265,2025-02-19,260.64,0.0,2,Completed
643,265,2025-01-30,128.4,23.65,2,Completed
644,265,2025-04-09,52.81,0.0,1,Completed
645,265,2024-12-20,82.21,16.81,2,Completed
646,266,2024-11-16,9.05,2.38,1,Completed
647,267,2025-03-11,38.12,10.44,1,Completed
648,268,2025-01-12,360.21,0.0,3,Completed
649,271,2025-07-15,81.95,0.0,2,Completed
650,271,2025-07-31,5.69,0.0,1,Completed
651,273,2025-07-19,125.53,0.0,1,Completed
652,274,2025-06-24,111.53,0.0,1,Completed
653,275,2024-11-17,13.8,0.0,1,Completed
654,277,2024-04-09,181.38,0.0,3,Completed
655,277,2024-04-01,26.52,0.0,1,Completed
656,277,2024-05-19,58.5,0.0,2,Completed
657,277,2024-11-18,45.96,0.0,1,Completed
658,277,2024-04-09,35.55,8.24,2,Completed
659,277,2024-07-27,229.28,35.07,2,Completed
660,278,2024-04-17,81.95,0.0,2,Completed
661,278,2024-04-15,19.49,0.0,2,Completed
662,278,2024-05-02,17.11,0.0,1,Completed
663,278,2024-11-01,52.81,0.0,1,Completed
664,278,2024-06-04,71.2,0.0,1,Completed
665,278,2024-04-24,80.64,15.6,1,Completed
666,279,2025-05-17,24.03,0.0,1,Completed
667,279,2025-06-12,40.52,0.0,2,Completed
668,279,2025-06-04,144.67,0.0,1,Completed
669,280,2024-02-05,57.83,15.59,2,Completed
670,281,2025-08-06,149.67,0.0,2,Completed
671,282,2025-05-10,66.9,0.0,2,Completed
672,282,2025-02-24,217.28,0.0,2,Completed
673,282,2025-02-28,126.8,0.0,1,Completed
674,282,2025-02-15,146.3,0.0,2,Completed
675,283,2024-05-15,191.79,0.0,2,Completed
676,283,2023-12-21,71.2,0.0,1,Completed
677,283,2024-03-07,19.5,4.53,1,Completed
678,284,2024-03-22,22.37,3.42,1,Completed
679,284,2024-04-13,282.04,0.0,2,Completed
680,284,2024-05-12,50.51,0.0,1,Completed
681,284,2024-05-22,52.81,0.0,1,Completed
682,284,2024-04-18,199.51,0.0,1,Completed
683,285,2025-01-12,88.74,0.0,1,Completed
684,285,2024-12-01,81.46,0.0,1,Completed
685,285,2024-12-10,111.06,33.61,1,Completed
686,286,2025-02-02,19.36,4.67,1,Completed
687,286,2025-01-22,182.35,38.84,2,Completed
688,286,2025-02-02,58.62,0.0,1,Completed
689,287,2025-07-19,51.14,15.78,2,Completed
690,287,2025-08-01,5.69,0.0,1,Completed
691,287,2025-07-30,134.68,0.0,2,Completed
692,288,2023-04-08,88.72,0.0,1,Completed
693,289,2025-05-28,87.85,0.0,1,Completed
694,290,2024-12-13,138.81,21.26,3,Completed
695,290,2024-12-08,58.62,0.0,1,Completed
696,290,2024-12-27,133.34,0.0,1,Completed
697,291,2025-08-03,84.62,0.0,2,Completed
698,291,2025-03-21,32.04,0.0,2,Completed
699,292,2025-07-05,88.31,0.0,1,Completed
700,294,2025-02-17,11.47,2.65,1,Completed
701,294,2025-07-24,17.11,0.0,1,Completed
702,294,2025-01-23,88.31,0.0,1,Completed
703,294,2025-03-16,111.53,0.0,1,Completed
704,295,2025-05-31,24.03,0.0,1,Completed
705,296,2025-07-09,5.0,0.0,1,Completed
706,296,2025-07-10,34.11,0.0,1,Completed
707,300,2025-04-11,133.34,0.0,1,Completed
708,300,2025-04-11,117.61,0.0,3,Completed
709,301,2025-04-18,133.34,0.0,1,Completed
710,301,2025-05-03,43.63,0.0,2,Completed
711,301,2025-03-10,96.24,0.0,1,Completed
712,302,2023-11-22,153.73,0.0,2,Completed
713,302,2023-10-17,143.91,0.0,2,Completed
714,303,2024-12-08,89.93,0.0,1,Completed
715,303,2024-12-20,144.67,0.0,1,Completed
716,303,2025-02-13,88.72,0.0,1,Completed
717,303,2024-11-01,34.7,0.0,2,Completed
718,303,2024-11-25,112.48,0.0,2,Completed
719,303,2025-01-25,75.67,0.0,2,Completed
720,305,2025-04-12,88.72,0.0,1,Completed
721,307,2025-04-09,102.78,0.0,1,Completed
722,307,2025-04-21,159.36,0.0,3,Completed
723,308,2024-11-03,19.76,0.0,1,Completed
724,308,2024-10-28,40.4,10.11,1,Completed
725,308,2024-11-15,14.48,2.63,1,Completed
726,308,2024-11-24,95.23,0.0,2,Completed
727,308,2024-09-30,176.16,0.0,2,Completed
728,308,2024-09-30,133.34,0.0,1,Completed
729,309,2025-05-28,149.83,0.0,2,Completed
730,310,2024-09-23,131.85,0.0,3,Completed
731,310,2024-09-25,16.49,0.0,1,Completed
732,310,2024-09-11,133.34,0.0,1,Completed
733,311,2025-07-21,35.32,0.0,2,Completed
734,311,2025-07-30,221.19,0.0,2,Completed
735,312,2025-04-14,17.11,0.0,1,Completed
736,313,2025-04-26,34.11,0.0,1,Completed
737,314,2023-08-21,26.52,0.0,1,Completed
738,315,2025-01-04,20.61,0.0,1,Completed
739,317,2024-11-03,67.52,22.41,1,Completed
740,317,2025-02-06,124.03,16.57,2,Completed
741,317,2024-11-03,147.39,0.0,3,Completed
742,317,2024-10-10,61.58,0.0,1,Completed
743,317,2024-11-27,41.0,0.0,2,Completed
744,317,2024-10-27,14.09,0.0,1,Completed
745,317,2024-10-17,52.81,0.0,1,Completed
746,318,2025-04-01,213.84,0.0,2,Completed
747,319,2025-07-11,216.64,43.5,2,Completed
748,319,2025-07-18,56.29,8.55,1,Completed
749,320,2025-05-12,98.36,0.0,1,Completed
750,320,2025-04-15,13.8,0.0,1,Completed
751,320,2025-04-13,171.08,20.53,2,Completed
752,320,2025-05-09,54.62,16.58,1,Completed
753,320,2025-03-28,183.46,47.71,3,Completed
754,320,2025-07-04,86.88,24.55,2,Completed
755,321,2025-07-15,48.56,0.0,1,Completed
756,321,2025-07-22,16.49,0.0,1,Completed
757,321,2025-07-10,14.09,0.0,1,Completed
758,322,2025-05-23,160.79,0.0,3,Completed
759,323,2024-07-15,16.98,3.63,1,Completed
760,323,2024-04-30,78.78,0.0,1,Completed
761,325,2025-07-29,89.93,0.0,1,Completed
762,326,2025-04-17,64.84,0.0,1,Completed
763,326,2025-04-16,48.85,12.73,1,Completed
764,326,2025-06-20,240.1,0.0,3,Completed
765,326,2025-06-02,19.76,0.0,1,Completed
766,327,2024-03-30,77.51,10.8,1,Completed
767,327,2024-05-23,48.56,0.0,1,Completed
768,327,2024-06-06,66.88,0.0,2,Completed
769,327,2024-03-29,123.46,0.0,2,Completed
770,327,2024-04-12,92.9,0.0,2,Completed
771,327,2024-04-14,103.14,0.0,2,Completed
772,327,2024-04-11,88.31,0.0,1,Completed
773,327,2024-09-22,144.45,0.0,2,Completed
774,327,2024-04-21,167.72,0.0,1,Completed
775,327,2024-10-28,191.79,0.0,2,Completed
776,327,2024-05-22,33.85,0.0,2,Completed
777,327,2024-05-23,34.11,0.0,1,Completed
778,328,2025-06-18,43.37,0.0,1,Completed
779,329,2023-03-28,75.43,12.42,1,Completed
780,329,2023-05-22,81.46,0.0,1,Completed
781,330,2025-06-11,194.46,0.0,3,Completed
782,330,2025-05-15,88.72,0.0,1,Completed
783,331,2024-10-19,56.81,8.03,1,Completed
784,333,2025-02-26,167.72,0.0,1,Completed
785,333,2025-08-01,90.82,0.0,3,Completed
786,333,2025-02-09,153.73,0.0,2,Completed
787,333,2025-05-13,71.91,15.46,2,Completed
788,333,2025-02-08,71.2,0.0,1,Completed
789,333,2025-02-15,295.75,0.0,2,Completed
790,333,2025-02-24,249.18,0.0,2,Completed
791,333,2025-02-09,108.47,0.0,2,Completed
792,334,2025-06-21,199.51,0.0,1,Completed
793,334,2025-07-14,104.96,0.0,2,Completed
794,334,2025-06-08,5.69,0.0,1,Completed
795,334,2025-06-05,71.2,0.0,1,Completed
796,335,2025-04-09,88.72,0.0,1,Completed
797,335,2025-05-01,19.76,0.0,1,Completed
798,336,2025-07-26,58.62,0.0,1,Completed
799,336,2025-07-23,108.46,0.0,2,Completed
800,337,2025-07-04,40.32,0.0,2,Completed
801,337,2025-07-13,40.37,0.0,2,Completed
802,339,2025-07-29,47.12,0.0,1,Completed
803,340,2025-08-04,50.51,0.0,1,Completed
804,341,2024-12-24,65.53,16.5,3,Completed
805,341,2025-03-21,50.51,0.0,1,Completed
806,341,2024-12-01,144.67,0.0,1,Completed
807,342,2025-02-11,61.58,0.0,1,Completed
808,343,2025-05-31,54.06,14.74,2,Completed
809,344,2025-06-07,78.48,17.41,2,Completed
810,344,2025-06-05,87.85,0.0,1,Completed
811,344,2025-07-19,61.58,0.0,1,Completed
812,344,2025-04-27,367.23,0.0,2,Completed
813,344,2025-05-25,199.51,0.0,1,Completed
814,344,2025-05-31,81.46,0.0,1,Completed
815,344,2025-05-02,154.58,51.0,2,Completed
816,344,2025-07-19,27.92,0.0,2,Completed
817,345,2025-03-11,4.48,0.52,1,Completed
818,345,2024-11-23,199.51,0.0,1,Completed
819,345,2024-11-18,98.36,0.0,1,Completed
820,345,2025-07-29,37.22,0.0,2,Completed
821,345,2025-02-10,203.47,31.38,1,Completed
822,345,2025-01-07,86.64,15.9,2,Completed
823,346,2025-05-18,24.03,0.0,1,Completed
824,348,2025-07-01,43.37,0.0,1,Completed
825,349,2025-05-13,144.67,0.0,1,Completed
826,349,2025-04-26,45.61,13.01,1,Completed
827,349,2025-06-07,153.58,0.0,2,Completed
828,349,2025-04-27,78.78,0.0,1,Completed
829,350,2025-08-02,137.57,26.79,2,Completed
830,350,2025-07-11,143.36,0.0,2,Completed
831,350,2025-07-29,81.46,0.0,1,Completed
832,351,2024-09-03,82.53,0.0,1,Completed
833,351,2024-10-22,16.49,0.0,1,Completed
834,352,2024-02-20,90.21,0.0,2,Completed
835,352,2024-01-31,199.51,0.0,1,Completed
836,352,2024-01-27,64.84,0.0,1,Completed
837,353,2025-07-29,48.56,0.0,1,Completed
838,353,2025-06-17,78.78,0.0,1,Completed
839,353,2025-07-01,96.24,0.0,1,Completed
840,354,2025-05-03,213.6,0.0,2,Completed
841,354,2025-02-18,64.68,12.93,2,Completed
842,354,2025-05-05,56.43,16.64,2,Completed
843,354,2025-05-03,311.74,0.0,3,Completed
844,354,2025-03-24,61.92,0.0,1,Completed
845,354,2025-02-21,133.39,0.0,3,Completed
846,354,2025-02-21,14.09,0.0,1,Completed
847,354,2025-07-15,49.04,0.0,1,Completed
848,354,2025-03-23,49.04,0.0,1,Completed
849,358,2023-05-25,61.92,0.0,1,Completed
850,358,2023-05-15,188.29,0.0,2,Completed
851,358,2023-04-01,49.04,0.0,1,Completed
852,358,2023-05-19,9.25,2.18,1,Completed
853,358,2023-05-26,52.81,0.0,1,Completed
854,358,2023-05-08,144.67,0.0,1,Completed
855,358,2023-05-29,199.51,0.0,1,Completed
856,361,2025-04-27,9.01,2.42,1,Completed
857,362,2025-07-10,14.09,0.0,1,Completed
858,362,2025-06-19,14.12,0.0,1,Completed
859,362,2025-07-28,79.01,9.3,1,Completed
860,363,2025-02-03,114.73,0.0,2,Completed
861,363,2025-01-30,81.46,0.0,1,Completed
862,363,2025-02-12,64.84,0.0,1,Completed
863,363,2025-06-25,20.17,5.62,1,Completed
864,365,2025-07-01,60.73,11.88,1,Completed
865,366,2024-07-20,19.76,0.0,1,Completed
866,366,2024-07-21,41.24,4.72,1,Completed
867,366,2024-12-24,5.69,0.0,1,Completed
868,366,2024-09-27,34.11,0.0,1,Completed
869,366,2024-12-28,107.04,0.0,2,Completed
870,366,2024-10-01,119.71,13.63,1,Completed
871,366,2024-10-09,45.96,0.0,1,Completed
872,366,2024-10-09,13.8,0.0,1,Completed
873,368,2025-06-16,19.01,4.88,1,Completed
874,370,2025-07-16,289.44,0.0,2,Completed
875,370,2025-07-20,14.12,0.0,1,Completed
876,371,2025-06-06,249.29,0.0,3,Completed
877,372,2025-04-05,95.45,0.0,1,Completed
878,372,2025-06-20,88.7,25.18,2,Completed
879,373,2025-08-04,26.22,7.89,1,Completed
880,374,2024-09-23,47.12,0.0,1,Completed
881,374,2024-10-30,111.53,0.0,1,Completed
882,374,2024-08-28,13.8,0.0,1,Completed
883,375,2025-03-20,44.0,0.0,2,Completed
884,376,2025-05-21,25.79,0.0,1,Completed
885,377,2024-10-22,167.72,0.0,1,Completed
886,377,2024-11-05,95.45,0.0,1,Completed
887,377,2024-10-23,88.74,0.0,1,Completed
888,377,2024-09-22,15.77,2.44,1,Completed
889,377,2024-10-07,61.92,0.0,1,Completed
890,377,2024-10-31,37.98,0.0,2,Completed
891,380,2024-07-30,88.72,0.0,1,Completed
892,380,2024-09-22,64.84,0.0,1,Completed
893,380,2024-07-21,23.89,0.0,1,Completed
894,381,2025-06-02,167.44,0.0,2,Completed
895,381,2025-05-14,11.43,0.0,1,Completed
896,381,2025-08-01,226.03,0.0,2,Completed
897,381,2025-06-17,88.72,0.0,1,Completed
898,381,2025-05-26,38.85,9.71,1,Completed
899,381,2025-06-11,299.69,0.0,2,Completed
900,381,2025-06-20,13.8,0.0,1,Completed
901,382,2025-08-03,64.84,0.0,1,Completed
902,383,2024-10-30,110.27,0.0,3,Completed
903,383,2024-12-11,47.12,0.0,1,Completed
904,383,2024-11-28,140.66,0.0,2,Completed
905,383,2024-11-14,111.53,0.0,1,Completed
906,383,2024-10-20,81.46,0.0,1,Completed
907,383,2024-10-30,145.28,0.0,2,Completed
908,383,2024-12-17,13.8,0.0,1,Completed
909,383,2024-11-26,195.3,54.95,2,Completed
910,383,2025-01-17,63.89,7.31,1,Completed
911,383,2024-11-16,14.09,0.0,1,Completed
912,385,2025-06-02,89.93,0.0,1,Completed
913,387,2025-08-02,24.03,0.0,1,Completed
914,389,2025-07-24,26.4,7.71,1,Completed
915,389,2025-07-26,43.37,0.0,1,Completed
916,389,2025-07-07,79.95,13.79,2,Completed
917,390,2025-01-22,16.08,4.53,1,Completed
918,390,2025-03-16,61.37,9.83,1,Completed
919,390,2025-04-10,144.67,0.0,1,Completed
920,390,2025-01-23,280.81,0.0,2,Completed
921,392,2024-10-07,61.58,0.0,1,Completed
922,392,2024-09-14,61.92,0.0,1,Completed
923,392,2024-10-09,160.84,41.64,3,Completed
924,392,2024-11-11,12.26,1.54,1,Completed
925,392,2025-02-05,100.74,0.0,2,Completed
926,392,2024-09-18,101.87,0.0,1,Completed
927,392,2024-10-12,256.33,0.0,3,Completed
928,393,2025-04-02,135.67,21.7,2,Completed
929,393,2025-02-16,82.53,0.0,1,Completed
930,393,2025-05-24,212.2,0.0,3,Completed
931,393,2025-05-14,54.25,7.33,1,Completed
932,394,2025-04-13,61.92,0.0,1,Completed
933,394,2024-11-17,46.34,12.28,1,Completed
934,394,2024-11-27,176.47,31.79,2,Completed
935,394,2024-11-16,298.79,0.0,3,Completed
936,394,2025-01-12,246.36,0.0,3,Completed
937,395,2025-01-25,113.82,0.0,2,Completed
938,396,2025-07-14,78.78,0.0,1,Completed
939,397,2023-12-01,128.49,0.0,2,Completed
940,397,2024-02-23,88.74,0.0,1,Completed
941,397,2024-04-03,43.37,0.0,1,Completed
942,399,2024-09-04,124.01,0.0,2,Completed
943,399,2024-06-26,96.24,0.0,1,Completed
944,399,2024-07-16,58.62,0.0,1,Completed
945,399,2024-12-21,11.43,0.0,1,Completed
946,399,2024-08-08,72.61,0.0,1,Completed
947,399,2024-07-21,89.93,0.0,1,Completed
948,399,2025-03-03,49.04,0.0,1,Completed
949,399,2024-08-30,101.87,0.0,1,Completed
950,401,2025-04-27,88.74,0.0,1,Completed
951,401,2025-04-19,13.15,3.96,1,Completed
952,401,2025-06-19,87.85,0.0,1,Completed
953,401,2025-04-30,115.72,0.0,2,Completed
954,401,2025-04-16,30.14,8.68,2,Completed
955,402,2025-07-29,126.8,0.0,1,Completed
956,403,2025-07-15,58.62,0.0,1,Completed
957,403,2025-07-21,304.47,0.0,3,Completed
958,405,2025-03-01,96.24,0.0,1,Completed
959,405,2025-04-15,222.08,0.0,2,Completed
960,405,2025-04-05,89.13,12.24,2,Completed
961,405,2025-03-05,45.96,0.0,1,Completed
962,405,2025-01-30,78.78,0.0,1,Completed
963,405,2025-02-26,126.8,0.0,1,Completed
964,405,2025-03-10,133.34,0.0,1,Completed
965,406,2025-07-28,167.72,0.0,1,Completed
966,407,2025-07-18,101.87,0.0,1,Completed
967,408,2025-03-29,134.57,0.0,3,Completed
968,408,2025-07-21,179.82,0.0,2,Completed
969,408,2025-05-17,47.12,0.0,1,Completed
970,408,2025-03-29,19.09,0.0,2,Completed
971,408,2025-03-31,24.03,0.0,1,Completed
972,408,2025-04-16,34.11,0.0,1,Completed
973,408,2025-07-13,61.92,0.0,1,Completed
974,409,2025-08-06,160.36,0.0,3,Completed
975,410,2025-07-17,187.08,0.0,2,Completed
976,410,2025-06-09,48.56,0.0,1,Completed
977,410,2025-05-30,221.0,0.0,3,Completed
978,411,2024-03-17,144.67,0.0,1,Completed
979,413,2025-08-01,49.04,0.0,1,Completed
980,415,2024-12-24,19.76,0.0,1,Completed
981,415,2024-10-30,249.8,0.0,3,Completed
982,415,2024-11-25,87.85,0.0,1,Completed
983,416,2025-05-10,60.48,0.0,2,Completed
984,416,2025-02-25,101.87,0.0,1,Completed
985,416,2025-03-07,226.74,0.0,3,Completed
986,417,2025-06-12,23.89,0.0,1,Completed
987,418,2025-07-19,14.09,0.0,1,Completed
988,418,2025-07-19,133.34,0.0,1,Completed
989,419,2025-04-04,170.38,0.0,2,Completed
990,419,2025-02-13,69.24,18.61,1,Completed
991,419,2025-03-10,23.89,0.0,1,Completed
992,419,2025-03-26,234.85,0.0,1,Completed
993,419,2025-01-30,19.76,0.0,1,Completed
994,420,2024-02-18,126.8,0.0,1,Completed
995,421,2025-08-06,17.11,0.0,1,Completed
996,421,2025-05-22,162.66,34.07,2,Completed
997,421,2025-05-12,27.89,0.0,2,Completed
998,421,2025-05-22,50.51,0.0,1,Completed
999,421,2025-07-12,13.8,0.0,1,Completed
1000,423,2025-03-17,265.04,0.0,3,Completed
1001,423,2025-05-10,101.13,20.83,2,Completed
1002,424,2025-07-01,18.21,0.0,1,Completed
1003,424,2025-07-04,20.61,0.0,1,Completed
1004,424,2025-06-30,117.91,18.07,2,Completed
1005,424,2025-07-07,118.57,0.0,2,Completed
1006,425,2025-03-20,52.81,0.0,1,Completed
1007,426,2024-07-20,51.65,0.0,2,Completed
1008,428,2025-07-29,73.42,0.0,2,Completed
1009,428,2025-07-22,102.67,0.0,2,Completed
1010,428,2025-07-27,246.63,0.0,2,Completed
1011,428,2025-07-24,25.79,0.0,1,Completed
1012,428,2025-08-06,199.51,0.0,1,Completed
1013,429,2025-02-18,223.45,72.3,2,Completed
1014,430,2025-05-10,61.58,0.0,1,Completed
1015,431,2025-05-02,71.2,0.0,1,Completed
1016,432,2025-02-28,11.43,0.0,1,Completed
1017,433,2025-06-30,20.61,0.0,1,Completed
1018,433,2025-07-11,143.36,0.0,2,Completed
1019,433,2025-06-30,89.93,0.0,1,Completed
1020,434,2024-12-21,26.52,0.0,1,Completed
1021,434,2025-04-18,189.7,0.0,3,Completed
1022,434,2025-01-29,15.9,4.71,1,Completed
1023,434,2024-12-01,38.01,0.0,2,Completed
1024,434,2024-11-28,130.02,0.0,2,Completed
1025,435,2025-07-02,110.8,0.0,2,Completed
1026,436,2025-07-08,96.24,0.0,1,Completed
1027,437,2024-12-03,25.79,0.0,1,Completed
1028,438,2025-02-05,132.53,28.82,2,Completed
1029,438,2024-12-15,154.07,0.0,2,Completed
1030,438,2025-01-26,36.13,7.24,1,Completed
1031,438,2024-12-15,49.67,11.91,1,Completed
1032,439,2024-11-05,81.77,23.53,2,Completed
1033,440,2024-11-03,89.93,0.0,1,Completed
1034,440,2024-11-02,47.12,0.0,1,Completed
1035,440,2024-12-01,323.55,0.0,3,Completed
1036,444,2025-04-23,81.46,0.0,1,Completed
1037,444,2025-03-03,144.67,0.0,1,Completed
1038,444,2025-05-21,64.84,0.0,1,Completed
1039,444,2025-03-08,58.62,0.0,1,Completed
1040,444,2025-03-25,149.56,0.0,2,Completed
1041,445,2025-07-20,116.53,0.0,2,Completed
1042,448,2025-03-23,107.18,0.0,2,Completed
1043,448,2025-04-10,200.27,0.0,2,Completed
1044,448,2025-03-26,48.56,0.0,1,Completed
1045,448,2025-06-01,88.31,0.0,1,Completed
1046,450,2025-02-27,23.89,0.0,1,Completed
1047,450,2025-07-24,171.25,0.0,2,Completed
1048,450,2025-06-07,5.0,0.0,1,Completed
1049,450,2025-03-18,87.85,0.0,1,Completed
1050,450,2025-06-10,13.8,0.0,1,Completed
1051,450,2025-03-02,78.78,0.0,1,Completed
1052,450,2025-03-18,153.73,0.0,2,Completed
1053,451,2025-03-15,72.61,0.0,1,Completed
1054,451,2025-01-26,198.11,0.0,2,Completed
1055,452,2025-04-02,43.37,0.0,1,Completed
1056,455,2025-05-01,72.61,0.0,1,Completed
1057,455,2025-03-30,28.01,6.1,1,Completed
1058,458,2024-06-06,88.74,0.0,1,Completed
1059,458,2024-12-21,34.11,0.0,1,Completed
1060,458,2024-04-27,5.69,0.0,1,Completed
1061,459,2024-09-09,48.56,0.0,1,Completed
1062,459,2024-10-13,37.69,0.0,2,Completed
1063,460,2025-08-02,126.8,0.0,1,Completed
1064,460,2025-08-06,126.81,0.0,2,Completed
1065,461,2024-07-27,112.34,0.0,2,Completed
1066,461,2024-10-05,115.56,38.03,3,Completed
1067,461,2024-09-05,61.58,0.0,1,Completed
1068,461,2024-06-25,61.92,0.0,1,Completed
1069,461,2024-09-12,199.51,0.0,1,Completed
1070,462,2025-07-26,188.65,49.49,3,Completed
1071,462,2025-07-21,192.99,0.0,2,Completed
1072,462,2025-07-08,23.89,0.0,1,Completed
1073,464,2025-01-24,18.21,0.0,1,Completed
1074,465,2025-02-22,24.03,0.0,1,Completed
1075,465,2024-12-08,166.65,0.0,2,Completed
1076,465,2024-12-09,22.11,0.0,2,Completed
1077,465,2025-03-24,105.29,0.0,2,Completed
1078,465,2025-01-28,182.73,0.0,2,Completed
1079,466,2025-03-05,179.15,0.0,2,Completed
1080,468,2024-09-13,186.82,0.0,3,Completed
1081,469,2023-05-02,88.72,0.0,1,Completed
1082,470,2025-07-30,204.72,0.0,3,Completed
1083,470,2025-06-20,88.74,0.0,1,Completed
1084,470,2025-07-27,260.08,0.0,3,Completed
1085,471,2025-07-08,34.11,0.0,1,Completed
1086,472,2025-06-19,234.85,0.0,1,Completed
1087,473,2025-04-05,110.48,0.0,2,Completed
1088,473,2025-06-05,56.11,16.5,1,Completed
1089,473,2025-04-15,164.36,0.0,2,Completed
1090,473,2025-01-10,81.46,0.0,1,Completed
1091,474,2025-05-24,52.81,0.0,1,Completed
1092,474,2025-05-02,50.51,0.0,1,Completed
1093,474,2025-06-04,25.79,0.0,1,Completed
1094,474,2025-07-20,95.45,0.0,1,Completed
1095,474,2025-05-29,19.76,0.0,1,Completed
1096,474,2025-05-06,246.5,0.0,2,Completed
1097,475,2025-06-22,14.09,0.0,1,Completed
1098,475,2025-06-01,43.37,0.0,1,Completed
1099,475,2025-06-14,126.8,0.0,1,Completed
1100,475,2025-07-27,141.79,18.15,2,Completed
1101,475,2025-05-24,87.85,0.0,1,Completed
1102,475,2025-07-04,119.89,0.0,2,Completed
1103,475,2025-06-02,199.51,0.0,1,Completed
1104,475,2025-06-11,62.18,10.43,1,Completed
1105,475,2025-07-06,9.03,2.4,1,Completed
1106,475,2025-05-25,194.13,0.0,3,Completed
1107,475,2025-06-10,89.93,0.0,1,Completed
1108,476,2025-06-07,234.85,0.0,1,Completed
1109,476,2025-05-01,27.89,0.0,2,Completed
1110,476,2025-04-24,61.58,0.0,1,Completed
1111,476,2025-04-17,121.04,0.0,3,Completed
1112,476,2025-04-23,14.09,0.0,1,Completed
1113,477,2025-06-08,14.09,0.0,1,Completed
1114,478,2025-06-15,187.45,0.0,2,Completed
1115,478,2025-06-28,95.45,0.0,1,Completed
1116,479,2025-04-17,124.15,0.0,2,Completed
1117,479,2025-04-13,112.73,0.0,2,Completed
1118,479,2025-04-24,49.06,0.0,2,Completed
1119,479,2025-04-05,23.89,0.0,1,Completed
1120,479,2025-03-02,82.53,0.0,1,Completed
1121,479,2025-05-22,96.24,0.0,1,Completed
1122,480,2025-04-19,127.34,0.0,2,Completed
1123,480,2025-03-18,242.04,0.0,3,Completed
1124,480,2025-03-23,229.58,0.0,2,Completed
1125,480,2025-03-13,48.56,0.0,1,Completed
1126,480,2025-07-08,50.51,0.0,1,Completed
1127,480,2025-03-13,34.11,0.0,1,Completed
1128,480,2025-04-10,105.85,0.0,2,Completed
1129,482,2025-07-30,19.76,0.0,1,Completed
1130,483,2024-06-30,126.84,17.83,1,Completed
1131,485,2025-03-27,137.95,0.0,3,Completed
1132,485,2025-05-12,11.43,0.0,1,Completed
1133,487,2025-07-05,18.21,0.0,1,Completed
1134,487,2025-07-26,14.12,0.0,1,Completed
1135,487,2025-08-02,16.49,0.0,1,Completed
1136,487,2025-07-06,138.82,0.0,2,Completed
1137,488,2025-01-15,126.8,0.0,1,Completed
1138,489,2025-04-20,278.22,0.0,2,Completed
1139,489,2025-04-02,70.27,0.0,2,Completed
1140,489,2025-05-17,4.37,0.63,1,Completed
1141,490,2025-01-30,78.78,0.0,1,Completed
1142,490,2024-12-30,88.72,0.0,1,Completed
1143,490,2025-04-23,26.52,0.0,1,Completed
1144,491,2025-07-31,197.36,0.0,3,Completed
1145,492,2025-07-22,18.8,0.0,2,Completed
1146,494,2025-06-18,172.76,0.0,2,Completed
1147,494,2025-01-18,167.72,0.0,1,Completed
1148,494,2025-01-25,13.8,0.0,1,Completed
1149,494,2025-01-19,11.43,0.0,1,Completed
1150,494,2025-03-07,140.7,0.0,2,Completed
1151,494,2025-07-17,5.0,0.0,1,Completed
1152,494,2025-03-29,89.33,0.0,2,Completed
1153,494,2025-02-01,153.32,0.0,2,Completed
1154,494,2025-03-15,24.03,0.0,1,Completed
1155,495,2024-09-26,95.26,0.0,2,Completed
1156,495,2024-09-16,159.73,0.0,3,Completed
1157,495,2025-02-03,111.53,0.0,1,Completed
1158,495,2024-12-18,24.03,0.0,1,Completed
1159,496,2025-03-27,81.14,14.31,1,Completed
1160,496,2025-04-09,102.78,0.0,1,Completed
1161,496,2025-04-07,121.92,34.58,3,Completed
1162,497,2024-09-21,88.31,0.0,1,Completed
1163,497,2024-10-23,115.26,0.0,2,Completed
1164,497,2024-08-17,65.53,0.0,2,Completed
1165,497,2024-12-14,60.08,0.0,2,Completed
1166,497,2024-09-02,68.8,0.0,2,Completed
1167,497,2024-08-31,118.07,27.57,2,Completed
1168,498,2025-04-04,88.72,0.0,1,Completed
1169,498,2025-03-30,72.61,0.0,1,Completed
1170,498,2025-04-09,5.69,0.0,1,Completed
1171,498,2025-03-18,79.86,13.01,2,Completed
1172,498,2025-02-25,199.51,0.0,1,Completed
1173,498,2025-03-07,64.23,0.0,2,Completed
1174,498,2025-05-26,144.67,0.0,1,Completed
1175,501,2024-04-18,24.03,0.0,1,Completed
1176,501,2024-04-29,49.04,0.0,1,Completed
1177,503,2024-04-28,145.24,0.0,2,Completed
1178,504,2023-03-18,81.46,0.0,1,Completed
1179,505,2025-07-11,20.61,0.0,1,Completed
1180,506,2025-06-14,34.11,0.0,1,Completed
1181,507,2025-08-03,14.12,0.0,1,Completed
1182,508,2025-08-05,176.51,45.74,2,Completed
1183,508,2025-07-25,19.76,0.0,1,Completed
1184,509,2025-08-02,174.48,0.0,2,Completed
1185,510,2025-05-17,140.89,0.0,2,Completed
1186,510,2025-05-13,26.03,8.08,1,Completed
1187,510,2025-05-25,234.85,0.0,1,Completed
1188,510,2025-05-08,71.2,0.0,1,Completed
1189,510,2025-05-13,20.61,0.0,1,Completed
1190,510,2025-06-28,22.61,3.18,1,Completed
1191,512,2024-11-13,34.11,0.0,1,Completed
1192,512,2024-10-31,208.67,48.06,3,Completed
1193,512,2024-09-10,88.74,0.0,1,Completed
1194,512,2024-11-23,37.98,7.98,1,Completed
1195,512,2024-10-06,62.48,8.67,2,Completed
1196,513,2024-12-22,115.72,0.0,2,Completed
1197,513,2025-01-20,12.98,4.13,1,Completed
1198,513,2025-04-10,47.92,0.0,2,Completed
1199,513,2024-12-26,72.61,0.0,1,Completed
1200,514,2025-03-15,40.47,12.34,1,Completed
1201,514,2025-02-20,89.93,0.0,1,Completed
1202,514,2025-03-19,52.81,0.0,1,Completed
1203,514,2025-03-18,105.01,14.26,2,Completed
1204,514,2025-05-16,122.68,20.68,2,Completed
1205,514,2025-07-02,107.59,17.94,1,Completed
1206,514,2025-03-10,223.89,0.0,2,Completed
1207,515,2024-10-19,154.86,0.0,2,Completed
1208,517,2024-12-09,87.85,0.0,1,Completed
1209,517,2024-12-25,194.52,50.85,3,Completed
1210,520,2025-03-11,181.29,50.99,3,Completed
1211,521,2024-04-15,40.23,5.73,1,Completed
1212,522,2025-03-30,14.09,0.0,1,Completed
1213,522,2025-03-23,64.63,0.0,2,Completed
1214,522,2025-04-05,234.85,0.0,1,Completed
1215,522,2025-07-28,150.66,0.0,3,Completed
1216,522,2025-04-23,146.93,0.0,2,Completed
1217,522,2025-06-29,96.24,0.0,1,Completed
1218,524,2024-05-07,128.99,22.06,3,Completed
1219,524,2024-04-10,72.61,0.0,1,Completed
1220,524,2024-05-17,223.65,0.0,3,Completed
1221,525,2025-07-02,43.37,0.0,1,Completed
1222,525,2025-06-02,45.1,7.71,1,Completed
1223,525,2025-05-25,212.22,0.0,3,Completed
1224,525,2025-05-27,48.2,0.0,2,Completed
1225,525,2025-06-02,82.53,0.0,1,Completed
1226,526,2025-05-24,167.72,0.0,1,Completed
1227,527,2025-05-03,125.53,0.0,1,Completed
1228,528,2025-02-21,188.38,0.0,2,Completed
1229,529,2025-06-10,222.08,0.0,2,Completed
1230,531,2025-07-28,5.0,0.0,1,Completed
1231,532,2025-07-25,24.03,0.0,1,Completed
1232,532,2025-07-30,116.58,0.0,2,Completed
1233,532,2025-07-23,48.56,0.0,1,Completed
1234,533,2024-07-05,111.53,0.0,1,Completed
1235,533,2024-06-19,124.74,0.0,2,Completed
1236,534,2025-05-13,64.84,0.0,1,Completed
1237,534,2025-06-19,88.31,0.0,1,Completed
1238,534,2025-05-25,45.96,0.0,1,Completed
1239,534,2025-05-29,88.74,0.0,1,Completed
1240,535,2024-08-18,256.2,0.0,2,Completed
1241,536,2025-06-03,163.1,36.41,1,Completed
1242,536,2025-06-17,138.54,0.0,3,Completed
1243,538,2025-08-01,167.62,0.0,2,Completed
1244,540,2025-04-13,109.33,0.0,2,Completed
1245,540,2025-07-30,125.53,0.0,1,Completed
1246,540,2025-05-12,64.84,0.0,1,Completed
1247,541,2025-05-14,184.17,0.0,2,Completed
1248,541,2025-06-10,167.72,0.0,1,Completed
1249,541,2025-06-04,9.27,2.16,1,Completed
1250,541,2025-08-06,108.5,0.0,2,Completed
1251,542,2024-06-22,144.67,0.0,1,Completed
1252,542,2024-05-06,173.45,0.0,2,Completed
1253,543,2024-04-15,238.33,0.0,2,Completed
1254,543,2024-05-20,34.11,0.0,1,Completed
1255,543,2024-12-05,19.76,0.0,1,Completed
1256,543,2024-01-17,25.79,0.0,1,Completed
1257,543,2024-03-27,104.96,0.0,2,Completed
1258,544,2025-08-01,98.36,0.0,1,Completed
1259,544,2025-01-30,43.37,0.0,1,Completed
1260,544,2025-03-02,114.39,0.0,2,Completed
1261,544,2025-02-09,19.23,4.8,1,Completed
1262,544,2025-02-20,95.27,0.0,2,Completed
1263,545,2025-04-14,101.14,0.0,2,Completed
1264,545,2025-06-09,18.21,0.0,1,Completed
1265,545,2025-03-29,256.2,0.0,2,Completed
1266,545,2025-04-14,59.76,0.0,2,Completed
1267,545,2025-05-10,88.31,0.0,1,Completed
1268,545,2025-03-05,25.79,0.0,1,Completed
1269,545,2025-05-25,95.45,0.0,1,Completed
1270,545,2025-03-15,125.53,0.0,1,Completed
1271,545,2025-05-13,30.01,9.9,2,Completed
1272,546,2025-05-06,13.8,0.0,1,Completed
1273,546,2025-04-17,24.03,0.0,1,Completed
1274,546,2025-03-23,52.81,0.0,1,Completed
1275,546,2025-03-07,147.4,0.0,2,Completed
1276,547,2025-02-17,80.23,12.18,2,Completed
1277,547,2025-04-24,126.8,0.0,1,Completed
1278,547,2025-03-07,193.23,0.0,2,Completed
1279,547,2025-03-19,164.33,0.0,3,Completed
1280,548,2025-02-10,45.96,0.0,1,Completed
1281,548,2025-03-26,73.08,21.92,2,Completed
1282,549,2025-05-20,96.24,0.0,1,Completed
1283,549,2025-04-22,271.77,0.0,3,Completed
1284,549,2025-06-16,13.8,0.0,1,Completed
1285,549,2025-05-30,194.06,0.0,2,Completed
1286,550,2025-05-06,104.8,0.0,2,Completed
1287,550,2025-06-16,88.31,0.0,1,Completed
1288,550,2025-06-22,25.45,0.0,2,Completed
1289,551,2025-06-02,82.92,0.0,3,Completed
1290,551,2025-04-22,69.69,18.16,1,Completed
1291,551,2025-05-22,152.58,0.0,3,Completed
1292,551,2025-06-03,106.87,0.0,2,Completed
1293,552,2025-06-17,181.81,0.0,2,Completed
1294,552,2025-05-24,61.92,0.0,1,Completed
1295,552,2025-06-03,54.25,0.0,2,Completed
1296,552,2025-06-20,110.27,0.0,3,Completed
1297,552,2025-05-06,82.53,0.0,1,Completed
1298,552,2025-07-13,43.65,0.0,2,Completed
1299,553,2025-05-19,71.2,0.0,1,Completed
1300,554,2025-07-22,188.72,0.0,2,Completed
1301,554,2025-07-03,87.85,0.0,1,Completed
1302,554,2025-08-02,206.25,0.0,2,Completed
1303,555,2025-05-05,13.8,0.0,1,Completed
1304,555,2025-08-02,72.95,16.98,1,Completed
1305,555,2025-06-09,100.07,33.27,1,Completed
1306,557,2024-03-21,191.5,0.0,2,Completed
1307,557,2024-04-23,224.15,30.46,2,Completed
1308,557,2024-05-01,17.11,0.0,1,Completed
1309,559,2024-12-21,5.0,0.0,1,Completed
1310,561,2025-06-19,12.96,4.15,1,Completed
1311,562,2025-07-07,61.92,0.0,1,Completed
1312,562,2025-07-29,203.71,0.0,3,Completed
1313,563,2025-05-22,70.1,12.43,1,Completed
1314,563,2025-05-24,18.21,0.0,1,Completed
1315,563,2025-05-19,88.72,0.0,1,Completed
1316,563,2025-06-04,26.52,0.0,1,Completed
1317,563,2025-05-30,16.49,0.0,1,Completed
1318,563,2025-06-16,199.51,0.0,1,Completed
1319,563,2025-05-18,72.61,0.0,1,Completed
1320,565,2024-03-23,43.37,0.0,1,Completed
1321,565,2024-03-06,87.85,0.0,1,Completed
1322,565,2024-04-10,238.14,0.0,3,Completed
1323,565,2024-04-08,144.67,0.0,1,Completed
1324,565,2024-03-02,330.3,0.0,2,Completed
1325,565,2024-06-06,77.61,0.0,2,Completed
1326,567,2024-09-13,242.99,0.0,3,Completed
1327,567,2024-09-25,78.78,0.0,1,Completed
1328,567,2024-08-23,96.24,0.0,1,Completed
1329,567,2024-09-14,106.36,19.17,1,Completed
1330,567,2024-07-26,11.06,2.74,1,Completed
1331,568,2025-02-09,109.35,0.0,2,Completed
1332,568,2025-03-01,88.74,0.0,1,Completed
1333,568,2024-12-17,82.53,0.0,1,Completed
1334,569,2024-03-20,82.53,0.0,1,Completed
1335,569,2024-03-24,104.95,0.0,2,Completed
1336,569,2024-02-29,176.09,0.0,3,Completed
1337,569,2024-04-29,13.8,0.0,1,Completed
1338,570,2025-06-22,45.96,0.0,1,Completed
1339,570,2025-05-21,148.26,0.0,2,Completed
1340,570,2025-07-14,17.11,0.0,1,Completed
1341,570,2025-05-04,168.9,0.0,2,Completed
1342,570,2025-05-13,171.27,0.0,2,Completed
1343,570,2025-05-20,234.85,0.0,1,Completed
1344,570,2025-05-27,24.76,0.0,2,Completed
1345,571,2024-05-29,126.8,0.0,1,Completed
1346,571,2024-03-13,48.56,0.0,1,Completed
1347,571,2024-03-09,18.21,0.0,1,Completed
1348,571,2024-04-07,200.25,0.0,2,Completed
1349,572,2024-12-04,133.51,0.0,3,Completed
1350,573,2025-06-10,71.01,0.0,2,Completed
1351,573,2025-08-03,150.23,0.0,2,Completed
1352,573,2025-06-17,17.11,0.0,1,Completed
1353,573,2025-06-18,178.11,0.0,3,Completed
1354,573,2025-06-18,30.79,0.0,2,Completed
1355,573,2025-08-05,52.81,0.0,1,Completed
1356,574,2025-07-03,9.78,1.65,1,Completed
1357,574,2025-06-24,26.52,0.0,1,Completed
1358,575,2024-11-09,136.53,0.0,3,Completed
1359,576,2025-05-24,71.2,0.0,1,Completed
1360,576,2025-06-15,256.12,31.1,3,Completed
1361,577,2025-06-15,138.34,0.0,2,Completed
1362,577,2025-07-22,54.8,0.0,2,Completed
1363,577,2025-05-29,37.43,9.69,1,Completed
1364,580,2025-07-23,96.79,14.74,1,Completed
1365,581,2025-05-05,34.11,0.0,1,Completed
1366,581,2025-05-17,147.4,0.0,2,Completed
1367,581,2025-05-10,334.81,0.0,3,Completed
1368,581,2025-05-22,58.5,0.0,2,Completed
1369,581,2025-05-29,13.8,0.0,1,Completed
1370,582,2024-11-15,62.36,0.0,2,Completed
1371,582,2025-03-04,45.96,0.0,1,Completed
1372,582,2025-02-10,126.8,0.0,1,Completed
1373,582,2025-03-27,14.12,0.0,1,Completed
1374,582,2024-10-30,18.21,0.0,1,Completed
1375,583,2025-07-19,88.74,0.0,1,Completed
1376,584,2025-07-10,149.32,25.7,2,Completed
1377,584,2025-07-15,122.52,16.71,2,Completed
1378,585,2025-08-06,5.0,0.0,1,Completed
1379,586,2025-04-03,11.58,2.54,1,Completed
1380,586,2025-03-13,21.46,4.33,1,Completed
1381,586,2025-04-14,234.85,0.0,1,Completed
1382,586,2025-03-18,87.71,0.0,2,Completed
1383,586,2025-04-06,179.99,43.9,2,Completed
1384,586,2025-07-24,39.71,6.25,1,Completed
1385,590,2025-04-22,209.51,0.0,2,Completed
1386,592,2024-10-29,234.85,0.0,1,Completed
1387,593,2025-07-17,71.2,0.0,1,Completed
1388,593,2025-07-03,88.74,0.0,1,Completed
1389,593,2025-05-16,61.58,0.0,1,Completed
1390,593,2025-04-12,92.86,18.67,1,Completed
1391,593,2025-03-31,99.74,0.0,2,Completed
1392,593,2025-06-19,181.52,0.0,2,Completed
1393,593,2025-04-01,26.52,0.0,1,Completed
1394,594,2024-09-12,19.8,4.09,1,Completed
1395,595,2025-06-06,50.51,0.0,1,Completed
1396,595,2025-05-07,78.78,0.0,1,Completed
1397,595,2025-06-07,5.69,0.0,1,Completed
1398,595,2025-02-14,26.52,0.0,1,Completed
1399,595,2025-06-01,96.24,0.0,1,Completed
1400,595,2025-03-07,13.8,0.0,1,Completed
1401,595,2025-04-13,132.49,0.0,2,Completed
1402,596,2025-08-02,69.99,12.52,2,Completed
1403,597,2025-07-25,14.12,0.0,1,Completed
1404,598,2025-08-06,99.28,0.0,2,Completed
1405,598,2025-06-09,61.92,0.0,1,Completed
1406,598,2025-07-06,78.78,0.0,1,Completed
1407,598,2025-06-08,5.0,0.0,1,Completed
1408,599,2025-07-03,207.54,25.31,3,Completed
1409,599,2025-07-03,256.46,0.0,2,Completed
1410,599,2025-07-29,47.12,0.0,1,Completed
1411,599,2025-07-04,48.56,0.0,1,Completed
1412,600,2025-01-28,81.46,0.0,1,Completed
1413,600,2025-01-25,126.67,0.0,2,Completed
1414,600,2025-02-16,96.24,0.0,1,Completed
1415,600,2025-01-23,5.69,0.0,1,Completed
1416,600,2025-01-14,111.72,0.0,3,Completed
1417,602,2025-04-24,14.12,0.0,1,Completed
1418,602,2025-04-18,171.86,0.0,3,Completed
1419,602,2025-02-23,88.31,0.0,1,Completed
1420,602,2025-04-23,23.01,3.51,1,Completed
1421,602,2025-03-11,96.24,0.0,1,Completed
1422,603,2025-07-26,139.33,0.0,2,Completed
1423,604,2025-02-27,194.6,0.0,2,Completed
1424,604,2025-01-18,76.83,0.0,2,Completed
1425,604,2024-12-30,105.74,0.0,2,Completed
1426,605,2025-03-12,96.24,0.0,1,Completed
1427,606,2025-08-05,14.09,0.0,1,Completed
1428,606,2025-07-23,167.72,0.0,1,Completed
1429,606,2025-07-06,72.61,0.0,1,Completed
1430,607,2024-03-25,149.77,0.0,2,Completed
1431,608,2025-05-06,206.99,0.0,2,Completed
1432,608,2025-04-06,88.31,0.0,1,Completed
1433,608,2025-02-25,23.89,0.0,1,Completed
1434,608,2025-03-11,141.15,0.0,2,Completed
1435,608,2025-04-18,276.34,0.0,3,Completed
1436,608,2025-07-25,143.81,0.0,2,Completed
1437,608,2025-02-17,223.04,0.0,2,Completed
1438,608,2025-07-31,199.51,0.0,1,Completed
1439,608,2025-05-09,99.38,12.15,1,Completed
1440,608,2025-04-13,13.8,0.0,1,Completed
1441,609,2025-03-22,157.69,0.0,3,Completed
1442,613,2024-09-28,23.89,0.0,1,Completed
1443,613,2024-11-10,141.74,44.27,3,Completed
1444,613,2024-10-01,88.74,0.0,1,Completed
1445,613,2025-02-01,81.46,0.0,1,Completed
1446,613,2025-01-27,18.32,2.29,1,Completed
1447,614,2024-12-29,185.42,0.0,2,Completed
1448,614,2025-02-06,13.8,0.0,1,Completed
1449,614,2025-01-05,48.55,15.62,2,Completed
1450,614,2025-03-22,167.72,0.0,1,Completed
1451,614,2024-12-13,17.11,0.0,1,Completed
1452,614,2025-05-28,191.09,0.0,2,Completed
1453,614,2024-12-13,289.44,0.0,2,Completed
1454,615,2025-06-16,67.25,0.0,2,Completed
1455,615,2025-06-17,215.52,0.0,2,Completed
1456,617,2025-07-21,82.53,0.0,1,Completed
1457,619,2025-05-10,160.92,0.0,2,Completed
1458,619,2025-05-11,289.44,0.0,2,Completed
1459,619,2025-07-10,5.0,0.0,1,Completed
1460,620,2025-05-16,25.79,0.0,1,Completed
1461,620,2025-05-27,89.68,12.19,1,Completed
1462,620,2025-05-20,48.23,0.0,2,Completed
1463,621,2025-06-25,47.12,0.0,1,Completed
1464,622,2025-05-10,125.98,18.69,1,Completed
1465,622,2025-06-11,126.8,0.0,1,Completed
1466,622,2025-05-23,98.36,0.0,1,Completed
1467,623,2024-07-19,59.22,17.81,2,Completed
1468,623,2024-08-31,17.11,0.0,1,Completed
1469,623,2025-04-14,88.72,0.0,1,Completed
1470,624,2025-06-09,52.81,0.0,1,Completed
1471,625,2025-07-18,111.53,0.0,1,Completed
1472,627,2025-05-05,181.56,0.0,2,Completed
1473,627,2025-05-31,14.12,0.0,1,Completed
1474,627,2025-04-25,134.97,0.0,2,Completed
1475,627,2025-06-18,17.11,0.0,1,Completed
1476,628,2024-11-24,72.57,0.0,2,Completed
1477,628,2025-01-11,48.56,0.0,1,Completed
1478,628,2025-03-05,16.49,0.0,1,Completed
1479,628,2024-11-29,96.24,0.0,1,Completed
1480,628,2025-01-20,82.53,0.0,1,Completed
1481,629,2025-04-20,111.53,0.0,1,Completed
1482,629,2025-04-19,95.45,0.0,1,Completed
1483,629,2025-05-07,144.67,0.0,1,Completed
1484,629,2025-06-16,34.11,0.0,1,Completed
1485,629,2025-05-25,23.89,0.0,1,Completed
1486,630,2024-07-20,102.84,0.0,2,Completed
1487,630,2025-03-04,232.98,0.0,2,Completed
1488,631,2024-05-27,144.67,0.0,1,Completed
1489,633,2024-12-25,95.45,0.0,1,Completed
1490,633,2024-10-15,25.79,0.0,1,Completed
1491,633,2024-12-04,88.31,0.0,1,Completed
1492,633,2025-01-06,71.2,0.0,1,Completed
1493,633,2025-01-18,64.84,0.0,1,Completed
1494,634,2025-08-03,199.51,0.0,1,Completed
1495,634,2025-07-24,34.11,0.0,1,Completed
1496,635,2025-04-20,264.85,0.0,3,Completed
1497,636,2024-11-04,54.1,7.82,1,Completed
1498,636,2025-03-03,158.66,0.0,3,Completed
1499,636,2024-12-10,24.03,0.0,1,Completed
1500,638,2025-08-02,5.0,0.0,1,Completed
1501,640,2025-07-25,232.57,60.68,2,Completed
1502,641,2025-04-06,140.7,0.0,2,Completed
1503,641,2025-03-30,5.69,0.0,1,Completed
1504,641,2025-04-22,74.8,11.66,2,Completed
1505,641,2025-04-25,24.03,0.0,1,Completed
1506,642,2025-03-12,14.12,0.0,1,Completed
1507,642,2024-12-12,14.12,0.0,1,Completed
1508,642,2025-02-25,63.62,0.0,2,Completed
1509,642,2024-12-26,29.72,0.0,2,Completed
1510,642,2024-12-13,19.73,4.3,1,Completed
1511,642,2025-01-20,78.78,0.0,1,Completed
1512,642,2024-12-20,25.79,0.0,1,Completed
1513,642,2024-12-02,135.89,0.0,2,Completed
1514,642,2025-01-15,145.48,0.0,2,Completed
1515,642,2025-02-09,102.35,24.45,1,Completed
1516,643,2025-04-07,88.74,0.0,1,Completed
1517,643,2025-05-14,107.87,17.66,1,Completed
1518,643,2025-06-02,29.58,0.0,2,Completed
1519,643,2025-04-17,20.61,0.0,1,Completed
1520,643,2025-04-27,388.43,0.0,3,Completed
1521,643,2025-05-06,61.92,0.0,1,Completed
1522,643,2025-05-12,19.12,0.0,2,Completed
1523,643,2025-06-16,13.8,0.0,1,Completed
1524,643,2025-04-10,125.53,0.0,1,Completed
1525,643,2025-06-10,151.55,0.0,2,Completed
1526,643,2025-03-21,231.7,0.0,2,Completed
1527,644,2025-07-19,19.76,0.0,1,Completed
1528,645,2025-03-16,75.73,0.0,2,Completed
1529,645,2025-07-07,57.46,0.0,2,Completed
1530,645,2025-07-05,323.57,0.0,2,Completed
1531,646,2023-09-24,82.53,0.0,1,Completed
1532,646,2023-09-30,13.8,0.0,1,Completed
1533,646,2023-11-02,222.25,0.0,2,Completed
1534,646,2023-09-24,199.51,0.0,1,Completed
1535,648,2024-09-07,5.0,0.0,1,Completed
1536,648,2024-08-26,101.99,0.0,2,Completed
1537,648,2025-01-09,167.72,0.0,1,Completed
1538,649,2025-07-01,193.17,0.0,3,Completed
1539,649,2025-06-22,26.52,0.0,1,Completed
1540,650,2024-12-01,11.92,2.17,1,Completed
1541,650,2025-01-06,88.31,0.0,1,Completed
1542,650,2025-03-03,58.62,0.0,1,Completed
1543,650,2025-01-02,14.12,0.0,1,Completed
1544,650,2024-11-29,5.69,0.0,1,Completed
1545,650,2024-12-03,134.27,0.0,2,Completed
1546,650,2025-03-14,114.51,0.0,2,Completed
1547,651,2025-05-31,98.36,0.0,1,Completed
1548,652,2025-08-06,277.79,0.0,3,Completed
1549,652,2025-04-23,99.52,0.0,3,Completed
1550,652,2025-04-15,61.58,0.0,1,Completed
1551,653,2023-11-27,254.94,64.6,3,Completed
1552,653,2023-12-04,64.84,0.0,1,Completed
1553,655,2025-06-02,34.11,0.0,1,Completed
1554,655,2025-06-09,13.8,0.0,1,Completed
1555,655,2025-06-04,11.43,0.0,1,Completed
1556,656,2025-02-08,167.72,0.0,1,Completed
1557,656,2025-03-20,77.95,10.78,2,Completed
1558,656,2025-03-01,75.56,0.0,2,Completed
1559,656,2025-03-30,179.61,0.0,2,Completed
1560,656,2025-01-15,96.24,0.0,1,Completed
1561,656,2025-01-11,34.11,0.0,1,Completed
1562,656,2025-01-16,23.03,2.76,1,Completed
1563,657,2025-03-17,199.51,0.0,1,Completed
1564,657,2024-10-06,48.94,12.64,1,Completed
1565,657,2024-11-29,34.11,0.0,1,Completed
1566,658,2025-07-28,17.11,0.0,1,Completed
1567,658,2025-07-22,102.78,0.0,1,Completed
1568,658,2025-08-05,98.72,0.0,3,Completed
1569,658,2025-07-22,116.45,0.0,2,Completed
1570,658,2025-08-04,214.14,64.15,2,Completed
1571,658,2025-07-24,19.73,4.16,1,Completed
1572,658,2025-08-05,22.35,3.44,1,Completed
1573,659,2025-03-18,206.98,0.0,2,Completed
1574,661,2024-07-12,78.51,14.57,2,Completed
1575,662,2025-03-13,170.38,0.0,2,Completed
1576,662,2025-04-25,112.75,0.0,2,Completed
1577,663,2025-07-30,124.15,0.0,2,Completed
1578,664,2025-07-24,16.49,0.0,1,Completed
1579,664,2025-05-27,45.96,0.0,1,Completed
1580,667,2025-06-26,141.55,0.0,2,Completed
1581,667,2025-07-12,162.54,0.0,2,Completed
1582,667,2025-06-07,50.51,0.0,1,Completed
1583,667,2025-04-22,64.84,0.0,1,Completed
1584,667,2025-03-24,125.53,0.0,1,Completed
1585,667,2025-04-10,72.45,0.0,2,Completed
1586,667,2025-05-08,52.81,0.0,1,Completed
1587,668,2025-07-14,17.11,0.0,1,Completed
1588,668,2025-06-19,240.54,0.0,2,Completed
1589,668,2025-08-02,49.04,0.0,1,Completed
1590,668,2025-07-06,58.62,0.0,1,Completed
1591,669,2024-12-28,76.3,0.0,2,Completed
1592,669,2024-10-26,191.75,0.0,2,Completed
1593,669,2024-11-22,23.89,0.0,1,Completed
1594,669,2024-11-19,196.38,0.0,3,Completed
1595,669,2024-10-14,17.11,0.0,1,Completed
1596,669,2024-11-15,17.11,0.0,1,Completed
1597,669,2024-10-18,184.19,0.0,2,Completed
1598,670,2025-03-29,88.74,0.0,1,Completed
1599,670,2024-11-24,81.46,0.0,1,Completed
1600,670,2025-02-28,47.12,0.0,1,Completed
1601,670,2024-11-18,19.49,4.54,1,Completed
1602,670,2024-12-31,45.96,0.0,1,Completed
1603,670,2025-03-01,72.61,0.0,1,Completed
1604,671,2025-06-26,5.69,0.0,1,Completed
1605,672,2025-07-16,61.58,0.0,1,Completed
1606,673,2025-07-19,102.78,0.0,1,Completed
1607,673,2025-04-09,25.79,0.0,1,Completed
1608,674,2025-01-31,179.15,0.0,2,Completed
1609,675,2022-11-03,145.61,22.11,1,Completed
1610,675,2022-08-24,23.89,0.0,1,Completed
1611,675,2022-08-23,128.39,0.0,2,Completed
1612,675,2022-09-03,87.85,0.0,1,Completed
1613,675,2022-11-01,61.58,0.0,1,Completed
1614,675,2022-08-25,82.53,0.0,1,Completed
1615,676,2024-01-15,79.04,8.81,1,Completed
1616,676,2024-05-16,85.61,0.0,2,Completed
1617,676,2024-01-06,215.97,0.0,3,Completed
1618,676,2024-01-08,96.24,0.0,1,Completed
1619,676,2024-01-04,13.8,0.0,1,Completed
1620,676,2024-01-22,181.52,0.0,3,Completed
1621,677,2025-04-24,184.83,0.0,2,Completed
1622,677,2025-02-15,199.51,0.0,1,Completed
1623,677,2025-04-16,32.01,0.0,2,Completed
1624,677,2025-03-18,144.67,0.0,1,Completed
1625,678,2025-07-20,229.98,0.0,3,Completed
1626,678,2025-06-03,47.12,0.0,1,Completed
1627,678,2025-06-29,61.58,0.0,2,Completed
1628,679,2025-08-06,101.87,0.0,1,Completed
1629,680,2025-01-31,13.8,0.0,1,Completed
1630,680,2025-01-09,53.39,8.53,1,Completed
1631,680,2025-03-22,158.76,0.0,2,Completed
1632,681,2025-05-21,128.58,0.0,2,Completed
1633,684,2025-06-06,13.69,3.42,1,Completed
1634,684,2025-06-03,67.25,0.0,2,Completed
1635,685,2023-11-04,58.62,0.0,1,Completed
1636,685,2023-11-06,32.21,0.0,2,Completed
1637,685,2024-01-14,48.56,0.0,1,Completed
1638,685,2023-12-16,86.1,12.26,1,Completed
1639,686,2025-04-19,68.02,20.29,1,Completed
1640,687,2024-04-23,19.76,0.0,1,Completed
1641,687,2025-01-01,58.62,0.0,1,Completed
1642,687,2024-05-16,329.98,0.0,3,Completed
1643,688,2025-04-14,131.8,0.0,2,Completed
1644,688,2025-02-21,85.95,0.0,2,Completed
1645,688,2025-02-25,43.37,0.0,1,Completed
1646,688,2025-02-28,166.63,32.88,1,Completed
1647,689,2025-04-13,159.94,0.0,2,Completed
1648,690,2025-03-29,106.95,0.0,2,Completed
1649,690,2025-04-18,117.95,26.72,1,Completed
1650,690,2025-05-28,146.27,44.41,3,Completed
1651,690,2025-06-13,125.53,0.0,1,Completed
1652,690,2025-06-21,82.53,0.0,1,Completed
1653,691,2025-03-17,234.85,0.0,1,Completed
1654,691,2025-05-12,43.37,0.0,1,Completed
1655,691,2025-07-04,58.62,0.0,1,Completed
1656,691,2025-04-28,50.51,0.0,1,Completed
1657,691,2025-05-10,229.64,0.0,2,Completed
1658,691,2025-07-09,26.52,0.0,1,Completed
1659,691,2025-04-17,84.41,0.0,2,Completed
1660,692,2025-07-25,48.56,0.0,1,Completed
1661,694,2025-06-22,23.89,0.0,1,Completed
1662,694,2025-07-19,189.72,0.0,2,Completed
1663,695,2025-05-21,99.0,27.8,1,Completed
1664,696,2025-06-04,87.85,0.0,1,Completed
1665,697,2025-08-02,385.3,0.0,3,Completed
1666,697,2025-07-29,43.37,0.0,1,Completed
1667,699,2025-07-27,139.03,0.0,2,Completed
1668,699,2025-07-15,16.49,0.0,1,Completed
1669,700,2025-06-15,47.12,0.0,1,Completed
1670,701,2025-08-05,64.84,0.0,1,Completed
1671,702,2025-07-07,75.25,0.0,3,Completed
1672,702,2025-06-15,88.31,0.0,1,Completed
1673,702,2025-06-20,25.79,0.0,1,Completed
1674,702,2025-08-04,86.7,0.0,2,Completed
1675,703,2025-01-23,122.76,0.0,2,Completed
1676,704,2025-02-23,61.58,0.0,1,Completed
1677,705,2025-08-06,152.66,0.0,2,Completed
1678,705,2025-06-15,14.09,0.0,1,Completed
1679,705,2025-07-21,78.78,0.0,1,Completed
1680,706,2025-07-31,71.2,0.0,1,Completed
1681,706,2025-08-07,152.05,0.0,2,Completed
1682,706,2025-08-07,49.68,0.0,2,Completed
1683,707,2025-06-06,98.36,0.0,1,Completed
1684,707,2025-04-30,5.0,0.0,1,Completed
1685,707,2025-04-07,161.86,0.0,3,Completed
1686,707,2025-07-09,89.93,0.0,1,Completed
1687,707,2025-03-20,144.67,0.0,1,Completed
1688,707,2025-07-31,174.57,0.0,2,Completed
1689,708,2025-06-05,86.09,12.27,1,Completed
1690,708,2025-06-25,177.31,0.0,2,Completed
1691,709,2024-12-31,69.3,0.0,2,Completed
1692,709,2025-04-20,102.78,0.0,1,Completed
1693,709,2025-05-07,178.77,0.0,2,Completed
1694,709,2025-06-06,184.83,0.0,2,Completed
1695,709,2025-01-03,96.64,0.0,2,Completed
1696,709,2025-04-04,14.12,0.0,1,Completed
1697,709,2025-02-15,96.24,0.0,1,Completed
1698,710,2025-03-08,14.12,0.0,1,Completed
1699,710,2025-02-20,26.52,0.0,1,Completed
1700,710,2025-02-08,61.58,0.0,1,Completed
1701,710,2025-07-09,52.81,0.0,1,Completed
1702,710,2025-04-08,61.92,0.0,1,Completed
1703,711,2025-04-05,105.42,0.0,2,Completed
1704,712,2025-07-18,13.8,0.0,1,Completed
1705,713,2023-11-18,214.65,0.0,2,Completed
1706,715,2025-05-20,23.89,0.0,1,Completed
1707,715,2025-07-18,98.36,0.0,1,Completed
1708,716,2025-04-16,47.12,0.0,1,Completed
1709,717,2025-06-24,170.17,0.0,2,Completed
1710,717,2025-07-17,89.93,0.0,1,Completed
1711,717,2025-06-02,81.46,0.0,1,Completed
1712,717,2025-07-08,87.85,0.0,1,Completed
1713,717,2025-06-13,133.34,0.0,1,Completed
1714,717,2025-07-03,134.97,0.0,2,Completed
1715,717,2025-06-22,72.91,0.0,2,Completed
1716,717,2025-06-03,186.17,0.0,2,Completed
1717,718,2025-07-07,88.72,0.0,1,Completed
1718,718,2025-04-09,51.12,13.72,1,Completed
1719,719,2025-07-09,184.96,0.0,2,Completed
1720,719,2025-07-23,166.63,0.0,2,Completed
1721,720,2025-08-04,64.84,0.0,1,Completed
1722,720,2025-04-13,26.52,0.0,1,Completed
1723,720,2025-04-21,100.45,0.0,2,Completed
1724,720,2025-05-03,116.06,0.0,2,Completed
1725,720,2025-04-13,88.31,0.0,1,Completed
1726,720,2025-07-14,105.42,0.0,2,Completed
1727,720,2025-06-03,29.03,0.0,2,Completed
1728,720,2025-06-27,5.69,0.0,1,Completed
1729,721,2024-11-06,25.79,0.0,1,Completed
1730,721,2024-11-14,49.04,0.0,1,Completed
1731,721,2025-03-18,104.57,0.0,2,Completed
1732,722,2025-01-15,50.57,11.35,1,Completed
1733,722,2024-11-27,82.53,0.0,1,Completed
1734,722,2024-11-27,36.16,9.8,1,Completed
1735,723,2024-06-29,78.78,0.0,1,Completed
1736,723,2024-04-24,48.56,0.0,1,Completed
1737,723,2024-04-20,18.21,0.0,1,Completed
1738,723,2024-07-13,101.87,0.0,1,Completed
1739,723,2024-07-31,240.43,0.0,3,Completed
1740,723,2024-04-08,222.06,0.0,2,Completed
1741,724,2025-08-04,59.86,0.0,2,Completed
1742,725,2025-04-24,49.04,0.0,1,Completed
1743,726,2024-09-07,125.9,0.0,2,Completed
1744,726,2024-12-27,144.97,0.0,3,Completed
1745,727,2025-07-14,28.89,0.0,2,Completed
1746,728,2025-03-20,43.37,0.0,1,Completed
1747,729,2025-02-19,287.82,0.0,2,Completed
1748,730,2025-07-18,72.61,0.0,1,Completed
1749,733,2025-06-30,64.84,0.0,1,Completed
1750,734,2024-12-09,125.53,0.0,1,Completed
1751,735,2025-05-09,133.12,0.0,2,Completed
1752,735,2025-07-01,256.07,73.79,3,Completed
1753,735,2025-05-21,24.03,0.0,1,Completed
1754,736,2025-06-25,172.99,25.12,2,Completed
1755,736,2025-06-13,212.89,42.68,2,Completed
1756,736,2025-06-25,84.52,20.53,3,Completed
1757,736,2025-06-14,81.46,0.0,1,Completed
1758,737,2024-04-07,252.61,64.03,3,Completed
1759,737,2024-04-01,14.12,0.0,1,Completed
1760,737,2024-05-10,179.61,0.0,2,Completed
1761,737,2024-06-18,49.04,0.0,1,Completed
1762,739,2025-05-15,131.97,0.0,2,Completed
1763,740,2025-07-17,265.66,0.0,3,Completed
1764,740,2025-06-25,61.58,0.0,1,Completed
1765,741,2025-08-06,116.64,0.0,2,Completed
1766,742,2024-06-16,101.87,0.0,1,Completed
1767,742,2024-06-13,231.7,0.0,2,Completed
1768,742,2024-07-06,110.48,0.0,2,Completed
1769,742,2024-11-21,133.34,0.0,1,Completed
1770,742,2024-07-11,138.36,0.0,2,Completed
1771,743,2025-05-20,73.01,0.0,2,Completed
1772,744,2025-01-03,94.87,0.0,3,Completed
1773,744,2025-01-02,135.68,33.63,2,Completed
1774,744,2025-01-18,149.6,34.64,2,Completed
1775,744,2025-01-25,56.2,0.0,2,Completed
1776,744,2024-12-23,17.11,0.0,1,Completed
1777,744,2025-02-12,111.53,0.0,1,Completed
1778,745,2025-06-10,290.48,0.0,3,Completed
1779,746,2025-07-02,97.23,18.25,3,Completed
1780,746,2025-07-17,154.78,0.0,3,Completed
1781,746,2025-05-30,19.76,0.0,1,Completed
1782,746,2025-07-11,17.11,0.0,1,Completed
1783,746,2025-06-24,120.53,0.0,3,Completed
1784,747,2024-11-13,111.53,0.0,1,Completed
1785,747,2024-10-16,213.74,0.0,3,Completed
1786,747,2024-10-07,102.54,0.0,2,Completed
1787,747,2024-11-07,88.72,0.0,1,Completed
1788,747,2024-11-11,42.24,0.0,2,Completed
1789,748,2025-03-14,26.52,0.0,1,Completed
1790,749,2025-06-16,234.85,0.0,1,Completed
1791,750,2025-07-01,87.85,0.0,1,Completed
1792,751,2025-07-08,13.8,0.0,1,Completed
1793,751,2025-07-21,105.17,33.65,2,Completed
1794,752,2025-05-03,145.96,0.0,2,Completed
1795,754,2025-07-20,208.25,26.6,1,Completed
1796,755,2025-06-25,118.36,0.0,2,Completed
1797,756,2025-08-05,81.46,0.0,1,Completed
1798,757,2025-07-20,20.61,0.0,1,Completed
1799,757,2025-08-05,71.2,0.0,1,Completed
1800,758,2025-04-25,125.53,0.0,1,Completed
1801,758,2025-05-23,242.47,0.0,3,Completed
1802,758,2025-05-24,57.56,7.28,1,Completed
1803,758,2025-04-29,132.97,41.51,2,Completed
1804,759,2024-04-05,232.8,0.0,3,Completed
1805,761,2025-02-01,155.14,0.0,2,Completed
1806,762,2025-05-26,138.05,0.0,2,Completed
1807,762,2025-06-03,52.81,0.0,1,Completed
1808,763,2025-06-25,101.87,0.0,1,Completed
1809,764,2025-01-23,378.16,0.0,3,Completed
1810,766,2025-07-08,47.64,7.87,2,Completed
1811,767,2024-01-17,50.51,0.0,1,Completed
1812,768,2025-03-05,71.15,17.57,1,Completed
1813,768,2025-05-07,43.37,0.0,1,Completed
1814,768,2025-06-11,78.07,24.74,2,Completed
1815,768,2025-03-16,22.97,3.55,1,Completed
1816,768,2025-02-26,88.31,0.0,1,Completed
1817,768,2025-02-11,96.18,0.0,2,Completed
1818,769,2024-12-21,17.11,0.0,1,Completed
1819,769,2024-11-29,43.37,0.0,1,Completed
1820,769,2025-01-02,153.1,0.0,2,Completed
1821,770,2025-07-25,91.41,11.37,1,Completed
1822,770,2025-07-17,11.43,0.0,1,Completed
1823,773,2025-03-28,17.11,0.0,1,Completed
1824,773,2025-01-19,88.31,0.0,1,Completed
1825,773,2025-07-02,191.79,0.0,2,Completed
1826,774,2025-05-26,69.85,0.0,2,Completed
1827,774,2025-06-07,14.25,2.24,1,Completed
1828,774,2025-05-24,71.2,0.0,1,Completed
1829,775,2025-06-29,81.33,0.0,2,Completed
1830,776,2025-07-13,107.18,0.0,2,Completed
1831,776,2025-06-30,17.11,0.0,1,Completed
1832,776,2025-07-01,302.46,0.0,3,Completed
1833,776,2025-07-06,173.92,0.0,2,Completed
1834,778,2025-07-14,101.87,0.0,1,Completed
1835,779,2025-06-30,34.11,0.0,1,Completed
1836,780,2025-03-04,101.87,0.0,1,Completed
1837,780,2025-03-05,50.82,7.8,1,Completed
1838,780,2025-05-14,135.35,35.03,2,Completed
1839,781,2025-06-19,121.41,0.0,3,Completed
1840,782,2025-07-24,43.37,0.0,1,Completed
1841,782,2025-05-22,122.42,0.0,2,Completed
1842,782,2025-06-18,199.51,0.0,1,Completed
1843,782,2025-06-13,14.09,0.0,1,Completed
1844,782,2025-05-19,65.33,7.28,1,Completed
1845,783,2024-12-15,61.58,0.0,1,Completed
1846,783,2025-01-07,89.93,0.0,1,Completed
1847,783,2024-12-21,181.84,0.0,2,Completed
1848,784,2025-07-03,88.31,0.0,1,Completed
1849,785,2025-08-03,13.58,2.91,1,Completed
1850,786,2025-02-13,52.81,0.0,1,Completed
1851,786,2024-10-19,325.16,0.0,3,Completed
1852,786,2025-03-09,14.12,0.0,1,Completed
1853,786,2024-12-15,31.86,6.12,2,Completed
1854,787,2025-08-06,328.15,0.0,3,Completed
1855,789,2025-01-19,25.79,0.0,1,Completed
1856,789,2024-12-26,198.14,0.0,2,Completed
1857,789,2025-06-02,101.87,0.0,1,Completed
1858,789,2025-02-11,71.2,0.0,1,Completed
1859,789,2025-01-28,17.11,0.0,1,Completed
1860,791,2025-07-02,121.71,0.0,2,Completed
1861,791,2025-06-25,34.11,0.0,1,Completed
1862,792,2025-08-01,81.46,0.0,1,Completed
1863,792,2025-08-06,18.21,0.0,1,Completed
1864,793,2024-12-08,234.85,0.0,1,Completed
1865,794,2025-07-26,48.56,0.0,1,Completed
1866,795,2025-02-01,88.31,0.0,1,Completed
1867,795,2024-11-02,77.48,0.0,2,Completed
1868,795,2024-11-16,284.29,0.0,3,Completed
1869,796,2025-03-30,96.24,0.0,1,Completed
1870,799,2025-06-27,102.78,0.0,1,Completed
1871,799,2025-04-24,25.79,0.0,1,Completed
1872,799,2025-02-20,188.33,0.0,2,Completed
1873,800,2025-04-02,20.61,0.0,1,Completed
1874,801,2025-07-23,82.53,0.0,1,Completed
1875,801,2025-08-03,142.74,0.0,2,Completed
1876,801,2025-08-02,126.8,0.0,1,Completed
1877,802,2025-08-07,125.53,0.0,1,Completed
1878,803,2025-06-27,92.47,0.0,3,Completed
1879,803,2025-04-14,99.07,0.0,2,Completed
1880,803,2025-03-10,61.92,0.0,1,Completed
1881,803,2025-07-01,71.2,0.0,1,Completed
1882,803,2025-03-23,126.8,0.0,1,Completed
1883,804,2024-05-22,153.27,20.96,2,Completed
1884,805,2025-02-03,61.92,0.0,1,Completed
1885,805,2025-05-05,74.2,14.52,1,Completed
1886,805,2025-02-14,20.92,4.87,1,Completed
1887,805,2025-03-02,76.2,0.0,2,Completed
1888,807,2025-08-01,45.96,0.0,1,Completed
1889,808,2024-10-25,25.79,0.0,1,Completed
1890,809,2025-05-18,61.58,0.0,1,Completed
1891,811,2025-07-28,14.09,0.0,1,Completed
1892,814,2024-05-28,171.25,0.0,2,Completed
1893,815,2025-02-22,106.52,0.0,2,Completed
1894,815,2025-02-28,93.31,0.0,2,Completed
1895,818,2024-07-24,196.72,0.0,3,Completed
1896,819,2025-04-17,108.32,0.0,2,Completed
1897,820,2024-06-24,135.56,0.0,2,Completed
1898,820,2024-08-28,240.68,0.0,3,Completed
1899,820,2024-06-23,13.8,0.0,1,Completed
1900,821,2025-06-29,131.22,0.0,2,Completed
1901,821,2025-07-28,23.89,0.0,1,Completed
1902,823,2025-04-12,104.96,0.0,2,Completed
1903,824,2025-06-17,50.51,0.0,1,Completed
1904,824,2025-06-08,5.69,0.0,1,Completed
1905,824,2025-05-31,152.05,0.0,2,Completed
1906,825,2025-02-27,68.87,19.44,1,Completed
1907,825,2025-03-20,72.61,0.0,1,Completed
1908,825,2025-02-25,128.64,0.0,2,Completed
1909,825,2025-07-04,102.78,0.0,1,Completed
1910,826,2025-07-19,167.72,0.0,1,Completed
1911,827,2025-01-13,138.23,0.0,2,Completed
1912,828,2025-07-19,103.41,0.0,3,Completed
1913,828,2025-07-17,150.36,0.0,2,Completed
1914,830,2023-11-16,61.58,0.0,1,Completed
1915,830,2023-10-22,25.79,0.0,1,Completed
1916,830,2024-03-28,5.0,0.0,1,Completed
1917,831,2025-06-27,85.29,0.0,2,Completed
1918,831,2025-05-17,82.53,0.0,1,Completed
1919,831,2025-05-11,90.66,0.0,3,Completed
1920,831,2025-04-13,67.36,21.36,1,Completed
1921,831,2025-04-27,187.11,0.0,2,Completed
1922,832,2025-03-12,41.21,9.3,1,Completed
1923,833,2025-05-06,14.09,0.0,1,Completed
1924,833,2025-07-08,66.57,0.0,2,Completed
1925,833,2025-04-08,82.53,0.0,1,Completed
1926,834,2024-09-21,144.49,0.0,2,Completed
1927,834,2024-11-08,88.74,0.0,1,Completed
1928,835,2025-04-23,82.53,0.0,1,Completed
1929,835,2025-07-03,43.37,0.0,1,Completed
1930,835,2025-05-24,98.36,0.0,1,Completed
1931,835,2025-08-03,126.8,0.0,1,Completed
1932,836,2025-07-25,87.58,10.78,1,Completed
1933,836,2025-07-29,77.48,0.0,2,Completed
1934,837,2025-06-12,24.03,0.0,1,Completed
1935,837,2025-04-30,61.58,0.0,1,Completed
1936,837,2025-05-22,34.11,0.0,1,Completed
1937,837,2025-07-04,125.53,0.0,1,Completed
1938,838,2025-07-29,87.85,0.0,1,Completed
1939,838,2025-06-14,282.45,0.0,3,Completed
1940,839,2025-08-07,208.72,26.49,2,Completed
1941,840,2025-04-18,167.72,0.0,1,Completed
1942,842,2024-08-31,47.12,0.0,1,Completed
1943,842,2024-08-31,104.8,0.0,2,Completed
1944,843,2025-07-07,13.8,0.0,1,Completed
1945,843,2025-07-15,187.45,0.0,2,Completed
1946,843,2025-07-06,49.04,0.0,1,Completed
1947,843,2025-08-02,234.85,0.0,1,Completed
1948,843,2025-08-06,25.79,0.0,1,Completed
1949,844,2025-07-12,71.2,0.0,1,Completed
1950,844,2025-05-24,72.61,0.0,1,Completed
1951,844,2025-06-22,98.36,0.0,1,Completed
1952,844,2025-06-17,45.96,0.0,1,Completed
1953,845,2025-01-28,85.14,0.0,2,Completed
1954,845,2025-04-26,52.81,0.0,1,Completed
1955,845,2025-05-26,88.74,0.0,1,Completed
1956,845,2025-06-28,218.23,0.0,2,Completed
1957,846,2025-07-14,5.69,0.0,1,Completed
1958,846,2025-07-27,81.46,0.0,1,Completed
1959,846,2025-06-07,14.09,0.0,1,Completed
1960,846,2025-07-27,43.37,0.0,1,Completed
1961,846,2025-06-25,247.21,0.0,3,Completed
1962,847,2024-03-29,96.24,0.0,1,Completed
1963,847,2024-05-08,72.61,0.0,1,Completed
1964,847,2024-06-11,14.12,0.0,1,Completed
1965,847,2024-05-28,71.48,17.24,1,Completed
1966,847,2024-04-07,251.34,0.0,2,Completed
1967,847,2024-04-04,117.85,0.0,3,Completed
1968,847,2024-04-07,102.17,31.17,1,Completed
1969,847,2024-08-12,13.8,0.0,1,Completed
1970,847,2024-03-20,30.23,0.0,3,Completed
1971,847,2024-05-30,31.2,0.0,2,Completed
1972,848,2025-08-03,92.89,0.0,2,Completed
1973,849,2025-07-30,159.86,0.0,2,Completed
1974,849,2025-07-28,60.75,9.3,2,Completed
1975,850,2025-06-14,178.78,0.0,2,Completed
1976,851,2025-05-17,58.62,0.0,1,Completed
1977,852,2025-08-03,133.34,0.0,1,Completed
1978,854,2025-04-07,72.61,0.0,1,Completed
1979,854,2025-04-22,116.45,0.0,2,Completed
1980,854,2025-06-24,311.04,0.0,2,Completed
1981,855,2025-06-25,64.69,0.0,3,Completed
1982,855,2025-07-28,72.61,0.0,1,Completed
1983,855,2025-07-05,207.18,0.0,3,Completed
1984,856,2025-06-28,151.34,0.0,2,Completed
1985,857,2024-10-01,144.67,0.0,1,Completed
1986,857,2024-12-16,67.55,20.3,1,Completed
1987,857,2024-10-02,37.1,0.0,2,Completed
1988,857,2024-10-01,96.24,0.0,1,Completed
1989,857,2024-10-16,5.69,0.0,1,Completed
1990,857,2025-02-19,27.26,6.85,1,Completed
1991,857,2024-10-15,140.66,0.0,2,Completed
1992,860,2024-12-17,122.48,0.0,2,Completed
1993,861,2025-08-05,221.19,0.0,2,Completed
1994,864,2025-07-22,160.24,0.0,2,Completed
1995,865,2024-03-12,50.41,6.69,3,Completed
1996,866,2025-07-30,61.92,0.0,1,Completed
1997,866,2025-07-07,112.45,0.0,2,Completed
1998,867,2025-07-29,145.62,0.0,3,Completed
1999,867,2025-08-03,88.31,0.0,1,Completed
2000,869,2025-06-19,5.69,0.0,1,Completed
2001,872,2025-07-27,34.11,0.0,1,Completed
2002,872,2025-07-18,151.51,0.0,2,Completed
2003,873,2024-12-16,234.85,0.0,1,Completed
2004,873,2024-11-13,141.53,0.0,3,Completed
2005,873,2024-12-01,188.38,0.0,2,Completed
2006,874,2024-09-13,48.56,0.0,1,Completed
2007,874,2024-09-25,149.98,0.0,2,Completed
2008,874,2025-02-24,90.82,0.0,2,Completed
2009,874,2024-09-13,38.81,10.23,1,Completed
2010,874,2025-03-22,111.53,0.0,1,Completed
2011,874,2024-12-14,14.12,0.0,1,Completed
2012,875,2025-06-11,25.79,0.0,1,Completed
2013,876,2025-02-03,89.93,0.0,1,Completed
2014,876,2025-06-16,48.56,0.0,1,Completed
2015,876,2025-03-19,106.42,0.0,2,Completed
2016,876,2025-01-11,23.89,0.0,1,Completed
2017,876,2024-12-18,191.75,0.0,2,Completed
2018,878,2025-05-28,121.71,0.0,2,Completed
2019,879,2025-07-22,124.74,0.0,2,Completed
2020,879,2025-02-19,149.67,0.0,2,Completed
2021,879,2025-05-16,61.58,0.0,1,Completed
2022,879,2025-02-21,88.72,0.0,1,Completed
2023,880,2025-07-28,25.79,0.0,1,Completed
2024,880,2025-07-09,14.09,0.0,1,Completed
2025,880,2025-07-10,125.53,0.0,1,Completed
2026,881,2025-08-02,234.85,0.0,1,Completed
2027,882,2025-04-20,115.72,0.0,2,Completed
2028,884,2024-11-05,216.42,0.0,3,Completed
2029,884,2024-12-14,88.72,0.0,1,Completed
2030,884,2025-02-08,119.68,37.69,2,Completed
2031,884,2025-04-29,96.24,0.0,1,Completed
2032,884,2024-10-01,88.72,0.0,1,Completed
2033,884,2025-01-08,218.79,0.0,3,Completed
2034,884,2024-12-27,199.51,0.0,1,Completed
2035,884,2025-05-19,102.52,0.0,2,Completed
2036,885,2025-02-17,85.81,0.0,2,Completed
2037,885,2025-01-18,11.87,2.22,1,Completed
2038,885,2025-01-24,127.42,0.0,2,Completed
2039,885,2025-01-15,82.16,13.29,1,Completed
2040,885,2025-02-01,72.61,0.0,1,Completed
2041,886,2025-04-11,167.72,0.0,1,Completed
2042,886,2025-03-31,178.93,0.0,3,Completed
2043,886,2025-03-02,52.81,0.0,1,Completed
2044,886,2025-05-05,98.36,0.0,1,Completed
2045,886,2025-04-28,199.51,0.0,1,Completed
2046,886,2025-02-23,71.2,0.0,1,Completed
2047,886,2025-02-28,29.58,0.0,2,Completed
2048,886,2025-02-23,263.96,0.0,2,Completed
2049,886,2025-03-29,43.37,0.0,1,Completed
2050,886,2025-03-26,81.46,0.0,1,Completed
2051,886,2025-02-20,120.24,0.0,2,Completed
2052,886,2025-04-12,5.69,0.0,1,Completed
2053,887,2025-04-27,48.56,0.0,1,Completed
2054,887,2025-04-09,5.0,0.0,1,Completed
2055,887,2025-04-29,101.87,0.0,1,Completed
2056,887,2025-04-29,210.94,0.0,2,Completed
2057,888,2024-06-29,133.34,0.0,1,Completed
2058,888,2024-12-15,199.51,0.0,1,Completed
2059,888,2024-12-09,95.45,0.0,1,Completed
2060,888,2024-06-27,43.37,0.0,1,Completed
2061,889,2025-05-17,61.92,0.0,1,Completed
2062,890,2025-04-07,89.38,22.96,2,Completed
2063,891,2025-05-04,61.92,0.0,1,Completed
2064,891,2025-07-04,14.12,0.0,1,Completed
2065,891,2025-06-09,34.11,0.0,1,Completed
2066,892,2025-05-20,18.21,0.0,1,Completed
2067,892,2025-04-23,114.53,0.0,2,Completed
2068,892,2025-04-02,24.03,0.0,1,Completed
2069,892,2025-04-08,88.74,0.0,1,Completed
2070,892,2025-05-07,39.79,13.02,1,Completed
2071,893,2025-07-21,148.36,0.0,3,Completed
2072,894,2025-05-23,82.19,0.0,2,Completed
2073,894,2025-07-28,72.61,0.0,1,Completed
2074,895,2025-08-07,39.11,0.0,2,Completed
2075,896,2025-02-06,16.49,0.0,1,Completed
2076,897,2024-08-25,10.78,3.02,1,Completed
2077,899,2024-08-16,60.05,0.0,2,Completed
2078,899,2024-11-24,50.51,0.0,1,Completed
2079,899,2024-07-14,221.69,0.0,3,Completed
2080,899,2024-09-12,3.81,1.19,1,Completed
2081,899,2024-08-26,98.36,0.0,1,Completed
2082,899,2024-11-07,52.81,0.0,1,Completed
2083,899,2024-09-02,56.03,8.81,1,Completed
2084,900,2024-12-23,103.36,0.0,2,Completed
2085,900,2025-03-26,45.96,0.0,1,Completed
2086,900,2025-02-21,16.49,0.0,1,Completed
2087,901,2025-07-23,161.16,0.0,2,Completed
2088,901,2025-07-24,25.79,0.0,1,Completed
2089,902,2025-06-22,78.07,24.71,1,Completed
2090,902,2025-08-02,26.52,0.0,1,Completed
2091,902,2025-06-29,149.43,0.0,2,Completed
2092,903,2025-02-17,64.84,0.0,1,Completed
2093,903,2025-04-04,20.61,0.0,1,Completed
2094,903,2025-03-29,126.8,0.0,1,Completed
2095,903,2025-03-10,88.31,0.0,1,Completed
2096,906,2025-07-01,16.49,0.0,1,Completed
2097,906,2025-08-06,5.69,0.0,1,Completed
2098,906,2025-07-13,153.12,46.39,1,Completed
2099,907,2025-03-21,64.84,0.0,1,Completed
2100,907,2025-03-30,213.84,0.0,3,Completed
2101,907,2025-03-16,206.59,0.0,3,Completed
2102,907,2025-03-04,20.26,6.26,1,Completed
2103,910,2025-06-06,90.63,11.24,1,Completed
2104,910,2025-06-07,95.27,0.0,2,Completed
2105,911,2024-09-01,72.61,0.0,1,Completed
2106,912,2024-11-10,199.51,0.0,1,Completed
2107,912,2025-04-11,147.37,0.0,2,Completed
2108,912,2025-05-17,147.4,0.0,2,Completed
2109,912,2024-12-28,232.56,0.0,2,Completed
2110,912,2024-11-12,43.37,0.0,1,Completed
2111,912,2025-01-16,107.04,0.0,2,Completed
2112,912,2025-01-03,177.7,0.0,2,Completed
2113,913,2025-04-27,234.85,0.0,1,Completed
2114,913,2025-05-20,208.03,0.0,3,Completed
2115,913,2025-06-22,14.12,0.0,1,Completed
2116,913,2025-05-04,162.54,0.0,2,Completed
2117,914,2025-06-19,47.12,0.0,1,Completed
2118,916,2024-12-14,20.61,0.0,1,Completed
2119,916,2025-01-03,122.26,0.0,3,Completed
2120,920,2025-05-11,194.95,0.0,3,Completed
2121,920,2025-02-23,54.33,0.0,3,Completed
2122,920,2025-03-07,81.46,0.0,1,Completed
2123,922,2025-07-19,199.51,0.0,1,Completed
2124,924,2024-01-08,40.38,0.0,2,Completed
2125,924,2023-12-08,71.2,0.0,1,Completed
2126,925,2025-05-22,118.83,0.0,3,Completed
2127,925,2025-06-08,113.5,0.0,3,Completed
2128,926,2025-05-03,101.87,0.0,1,Completed
2129,927,2025-04-14,89.93,0.0,1,Completed
2130,928,2025-06-06,95.45,0.0,1,Completed
2131,928,2025-05-03,8.6,2.83,1,Completed
2132,928,2025-05-14,14.09,0.0,1,Completed
2133,928,2025-07-24,111.53,0.0,1,Completed
2134,929,2025-06-16,110.48,0.0,2,Completed
2135,929,2025-06-28,73.62,14.69,1,Completed
2136,930,2025-08-07,160.09,0.0,2,Completed
2137,932,2025-07-21,131.57,0.0,2,Completed
2138,933,2025-06-08,89.93,0.0,1,Completed
2139,933,2025-06-26,30.58,0.0,2,Completed
2140,933,2025-05-13,17.11,0.0,1,Completed
2141,933,2025-06-14,155.14,0.0,2,Completed
2142,933,2025-07-05,73.08,9.57,2,Completed
2143,933,2025-06-02,133.34,0.0,1,Completed
2144,934,2025-07-26,48.63,0.0,3,Completed
2145,935,2023-04-08,48.56,0.0,1,Completed
2146,936,2025-08-04,87.85,0.0,1,Completed
2147,937,2024-10-26,101.87,0.0,1,Completed
2148,939,2025-03-24,125.33,0.0,2,Completed
2149,939,2024-11-11,95.69,0.0,2,Completed
2150,940,2025-07-23,135.85,18.58,3,Completed
2151,940,2025-07-28,126.8,0.0,1,Completed
2152,941,2024-10-24,26.52,0.0,1,Completed
2153,942,2025-08-04,19.76,0.0,1,Completed
2154,942,2025-07-14,25.79,0.0,1,Completed
2155,943,2025-08-03,14.09,0.0,1,Completed
2156,944,2025-07-08,203.14,0.0,3,Completed
2157,944,2025-04-10,166.55,41.52,3,Completed
2158,945,2023-02-22,26.52,0.0,1,Completed
2159,945,2023-02-28,13.8,0.0,1,Completed
2160,945,2023-04-10,125.53,0.0,1,Completed
2161,945,2023-04-23,96.24,0.0,1,Completed
2162,945,2023-05-01,11.43,0.0,1,Completed
2163,946,2024-06-25,92.89,0.0,2,Completed
2164,947,2025-07-13,229.29,0.0,3,Completed
2165,947,2025-07-21,88.74,0.0,1,Completed
2166,949,2024-08-12,270.42,0.0,3,Completed
2167,949,2024-08-04,52.81,0.0,1,Completed
2168,950,2025-07-12,23.89,0.0,1,Completed
2169,950,2025-07-03,71.2,0.0,1,Completed
2170,951,2025-07-27,13.8,0.0,1,Completed
2171,951,2025-08-06,125.53,0.0,1,Completed
2172,952,2025-05-24,153.32,0.0,2,Completed
2173,952,2025-06-26,107.39,18.14,1,Completed
2174,952,2025-05-05,19.81,0.0,2,Completed
2175,952,2025-05-21,26.52,0.0,1,Completed
2176,954,2025-07-17,192.99,0.0,2,Completed
2177,954,2025-07-19,23.74,5.84,2,Completed
2178,957,2024-12-30,49.04,0.0,1,Completed
2179,958,2025-06-30,24.03,0.0,1,Completed
2180,958,2025-05-20,11.43,0.0,1,Completed
2181,959,2025-06-20,236.12,0.0,2,Completed
2182,959,2025-05-10,49.06,0.0,2,Completed
2183,959,2025-08-01,39.11,0.0,2,Completed
2184,959,2025-06-14,39.65,7.47,1,Completed
2185,959,2025-08-03,183.04,43.09,2,Completed
2186,959,2025-05-22,19.76,0.0,1,Completed
2187,959,2025-06-25,89.93,0.0,1,Completed
2188,960,2024-05-03,160.99,0.0,3,Completed
2189,960,2024-04-21,88.31,0.0,1,Completed
2190,960,2024-05-09,72.57,0.0,2,Completed
2191,960,2024-06-09,58.62,0.0,1,Completed
2192,960,2024-07-07,48.56,0.0,1,Completed
2193,960,2024-05-26,57.17,0.0,2,Completed
2194,960,2024-04-08,45.96,0.0,1,Completed
2195,960,2024-05-11,81.46,0.0,1,Completed
2196,961,2025-04-27,14.09,0.0,1,Completed
2197,961,2025-05-17,52.81,0.0,1,Completed
2198,961,2025-06-08,61.92,0.0,1,Completed
2199,961,2025-07-11,135.43,0.0,2,Completed
2200,962,2025-06-28,107.98,0.0,2,Completed
2201,962,2025-07-04,154.8,0.0,3,Completed
2202,963,2025-07-06,87.85,0.0,1,Completed
2203,964,2025-07-18,298.63,0.0,3,Completed
2204,964,2025-06-28,88.72,0.0,1,Completed
2205,964,2025-07-03,18.21,0.0,1,Completed
2206,964,2025-07-11,5.0,0.0,1,Completed
2207,964,2025-07-08,88.31,0.0,1,Completed
2208,965,2024-12-14,14.12,0.0,1,Completed
2209,965,2025-02-05,20.88,3.01,1,Completed
2210,965,2024-10-13,125.53,0.0,1,Completed
2211,967,2025-08-05,10.86,2.94,1,Completed
2212,967,2025-07-27,17.11,0.0,1,Completed
2213,970,2025-06-11,278.65,44.94,2,Completed
2214,970,2025-05-22,147.43,0.0,2,Completed
2215,970,2025-05-21,34.11,0.0,1,Completed
2216,970,2025-06-18,52.81,0.0,1,Completed
2217,970,2025-06-23,140.09,32.67,3,Completed
2218,970,2025-07-28,44.31,14.31,1,Completed
2219,970,2025-05-02,153.74,0.0,3,Completed
2220,971,2025-06-30,21.55,2.48,1,Completed
2221,972,2024-08-16,116.06,0.0,2,Completed
2222,972,2024-08-23,53.82,17.38,1,Completed
2223,972,2024-05-20,88.72,0.0,1,Completed
2224,972,2024-07-09,137.28,0.0,2,Completed
2225,972,2024-08-23,59.08,7.84,2,Completed
2226,973,2025-06-27,19.76,0.0,1,Completed
2227,975,2025-08-01,43.37,0.0,1,Completed
2228,976,2025-05-17,5.69,0.0,1,Completed
2229,976,2025-07-26,105.42,0.0,2,Completed
2230,976,2025-05-08,52.81,0.0,1,Completed
2231,976,2025-06-10,105.35,0.0,2,Completed
2232,977,2025-08-03,52.81,0.0,1,Completed
2233,978,2025-07-06,81.36,0.0,3,Completed
2234,978,2025-07-23,135.51,0.0,3,Completed
2235,979,2025-05-08,81.38,14.07,1,Completed
2236,979,2025-05-09,237.33,46.22,3,Completed
2237,979,2025-05-30,79.07,26.28,2,Completed
2238,979,2025-05-12,82.53,0.0,1,Completed
2239,979,2025-04-17,98.36,0.0,1,Completed
2240,979,2025-04-27,26.52,0.0,1,Completed
2241,979,2025-06-10,96.24,0.0,1,Completed
2242,980,2025-05-25,57.07,13.46,3,Completed
2243,980,2025-06-10,64.84,0.0,1,Completed
2244,980,2025-05-18,324.78,0.0,2,Completed
2245,980,2025-04-04,234.85,0.0,1,Completed
2246,980,2025-05-15,150.43,0.0,2,Completed
2247,980,2025-04-15,23.89,0.0,1,Completed
2248,980,2025-04-17,215.87,0.0,2,Completed
2249,982,2025-04-13,16.49,0.0,1,Completed
2250,982,2025-01-03,87.85,0.0,1,Completed
2251,983,2025-07-31,47.12,0.0,1,Completed
2252,983,2025-06-18,62.59,19.09,2,Completed
2253,983,2025-06-18,105.57,21.23,1,Completed
2254,983,2025-06-11,267.79,0.0,3,Completed
2255,984,2025-07-27,5.0,0.0,1,Completed
2256,984,2025-07-29,47.12,0.0,1,Completed
2257,984,2025-07-17,65.36,13.42,1,Completed
2258,984,2025-07-30,379.52,0.0,2,Completed
2259,984,2025-07-17,126.8,0.0,1,Completed
2260,984,2025-07-30,294.52,0.0,2,Completed
2261,985,2025-06-25,203.23,0.0,3,Completed
2262,985,2025-03-19,120.54,0.0,2,Completed
2263,985,2025-04-06,101.87,0.0,1,Completed
2264,985,2025-05-10,38.12,0.0,2,Completed
2265,985,2025-04-02,58.62,0.0,1,Completed
2266,985,2025-03-30,64.84,0.0,1,Completed
2267,987,2025-02-01,95.45,0.0,1,Completed
2268,988,2025-06-30,140.7,0.0,2,Completed
2269,989,2024-05-08,99.45,12.08,1,Completed
2270,990,2025-05-15,61.58,0.0,1,Completed
2271,992,2025-03-21,13.8,0.0,1,Completed
2272,993,2025-06-02,391.26,0.0,3,Completed
2273,993,2025-04-24,19.76,0.0,1,Completed
2274,993,2025-05-02,101.36,0.0,2,Completed
2275,993,2025-04-10,181.81,0.0,2,Completed
2276,993,2025-07-02,26.52,0.0,1,Completed
2277,993,2025-06-09,136.41,0.0,2,Completed
2278,994,2025-04-04,34.11,0.0,1,Completed
2279,995,2024-12-14,17.11,0.0,1,Completed
2280,996,2025-06-25,144.67,0.0,1,Completed
2281,997,2025-06-09,95.45,0.0,1,Completed
2282,999,2025-06-02,64.84,0.0,1,Completed
2283,999,2025-06-22,45.96,0.0,1,Completed
2284,999,2025-07-17,234.85,0.0,1,Completed
2285,1000,2025-07-23,14.09,0.0,1,Completed
